customerid,last_purchase_date,frequency,monetary,recency,r_score,f_score,m_score,segment
12346.0,2011-01-18 10:01:00,1,77183.6,326,5,4,1,Loyal customers
12347.0,2011-12-07 15:52:00,7,4310.0,2,1,1,1,Inactive customers
12348.0,2011-09-25 13:13:00,4,1797.24,75,4,2,2,New customers
12349.0,2011-11-21 09:51:00,1,1757.55,19,2,4,2,At-risk customers
12350.0,2011-02-02 16:01:00,1,334.4,310,5,4,4,High-value customers
12352.0,2011-11-03 14:37:00,8,2506.04,36,3,1,1,Inactive customers
12353.0,2011-05-19 17:47:00,1,89.0,204,5,4,5,High-value customers
12354.0,2011-04-21 13:11:00,1,1079.4,232,5,4,2,Loyal customers
12355.0,2011-05-09 13:49:00,1,459.4,214,5,4,4,High-value customers
12356.0,2011-11-17 08:40:00,3,2811.43,23,2,2,1,At-risk customers
12357.0,2011-11-06 16:07:00,1,6207.67,33,2,4,1,At-risk customers
12358.0,2011-12-08 10:26:00,2,1168.06,2,1,3,2,At-risk customers
12359.0,2011-10-13 12:47:00,4,6372.58,58,3,2,1,Inactive customers
12360.0,2011-10-18 15:22:00,3,2662.06,52,3,2,1,Inactive customers
12361.0,2011-02-25 13:51:00,1,189.9,287,5,4,5,High-value customers
12362.0,2011-12-06 15:40:00,10,5226.23,3,1,1,1,Inactive customers
12363.0,2011-08-22 10:18:00,2,552.0,110,4,3,3,Regular customers
12364.0,2011-12-02 10:22:00,4,1313.1,8,1,2,2,At-risk customers
12365.0,2011-02-21 14:04:00,2,641.38,291,5,3,3,Regular customers
12367.0,2011-12-05 16:48:00,1,168.9,4,1,4,5,Regular customers
12370.0,2011-10-19 14:51:00,4,3545.69,51,3,2,1,Inactive customers
12371.0,2011-10-26 10:16:00,2,1887.96,45,3,3,2,Inactive customers
12372.0,2011-09-29 12:12:00,3,1298.04,72,3,2,2,Inactive customers
12373.0,2011-02-01 13:10:00,1,364.6,311,5,4,4,High-value customers
12374.0,2011-11-14 15:37:00,1,742.9300000000001,25,2,4,3,Regular customers
12375.0,2011-11-29 10:36:00,2,457.5,11,1,3,4,Regular customers
12377.0,2011-01-28 15:45:00,2,1628.12,315,5,3,2,Inactive customers
12378.0,2011-08-02 10:34:00,1,4008.62,130,4,4,1,Loyal customers
12379.0,2011-09-19 10:09:00,2,852.24,82,4,3,3,Regular customers
12380.0,2011-11-18 11:27:00,4,2724.81,22,2,2,1,At-risk customers
12381.0,2011-12-05 12:44:00,5,1845.31,5,1,2,2,At-risk customers
12383.0,2011-06-08 08:02:00,5,1850.56,185,5,2,2,New customers
12384.0,2011-11-11 08:39:00,2,585.27,29,2,3,3,Regular customers
12386.0,2011-01-06 12:37:00,2,401.9,338,5,3,4,Regular customers
12388.0,2011-11-24 12:30:00,6,2780.66,16,2,1,1,Inactive customers
12390.0,2011-09-21 09:33:00,1,549.84,80,4,4,3,Loyal customers
12391.0,2011-11-18 12:07:00,1,460.89,22,2,4,4,Regular customers
12393.0,2011-09-28 15:41:00,4,1582.6000000000001,72,3,2,2,Inactive customers
12394.0,2011-10-07 08:08:00,2,1272.48,64,3,3,2,Inactive customers
12395.0,2011-11-20 15:21:00,12,3018.63,19,2,1,1,Inactive customers
12397.0,2011-11-04 09:52:00,2,2409.9,36,3,3,1,Inactive customers
12398.0,2011-10-25 10:27:00,1,1635.6599999999999,46,3,4,2,Inactive customers
12399.0,2011-08-12 13:15:00,4,1108.65,119,4,2,2,New customers
12401.0,2011-02-09 13:50:00,1,84.3,303,5,4,5,High-value customers
12402.0,2011-01-20 13:49:00,1,225.6,323,5,4,5,High-value customers
12403.0,2011-10-21 10:51:00,1,427.7,50,3,4,4,Regular customers
12405.0,2011-07-14 08:52:00,1,1710.39,149,4,4,2,Loyal customers
12406.0,2011-11-17 19:22:00,2,3415.3,22,2,3,1,At-risk customers
12407.0,2011-10-21 10:11:00,5,1708.1200000000001,50,3,2,2,Inactive customers
12408.0,2011-11-07 12:27:00,5,2888.55,33,2,2,1,At-risk customers
12409.0,2011-09-22 10:38:00,3,11072.67,79,4,2,1,New customers
12410.0,2011-02-04 10:39:00,2,693.3299999999999,309,5,3,3,Regular customers
12412.0,2011-09-26 10:16:00,3,1226.88,75,4,2,2,New customers
12413.0,2011-10-04 09:00:00,3,758.1,67,3,2,3,Inactive customers
12414.0,2011-05-06 14:51:00,3,562.41,217,5,2,3,New customers
12415.0,2011-11-15 14:22:00,21,124914.53,24,2,1,1,Inactive customers
12417.0,2011-12-06 14:52:00,9,3649.1,3,1,1,1,Inactive customers
12418.0,2011-08-19 11:08:00,1,668.58,113,4,4,3,Loyal customers
12420.0,2011-10-07 08:55:00,1,600.39,64,3,4,3,Regular customers
12421.0,2011-11-24 09:07:00,4,807.04,16,2,2,3,At-risk customers
12422.0,2011-09-05 09:48:00,3,803.5600000000001,96,4,2,3,New customers
12423.0,2011-12-09 10:10:00,8,1859.31,1,1,1,2,Inactive customers
12424.0,2011-06-30 12:06:00,2,1760.96,163,4,3,2,Inactive customers
12425.0,2011-09-22 17:31:00,1,777.2,78,4,4,3,Loyal customers
12426.0,2011-05-29 12:26:00,1,582.73,195,5,4,3,Loyal customers
12427.0,2011-11-18 08:56:00,3,825.8,22,2,2,3,At-risk customers
12428.0,2011-11-14 08:22:00,9,7956.46,26,2,1,1,Inactive customers
12429.0,2011-11-30 17:22:00,4,3750.4,9,1,2,1,At-risk customers
12430.0,2011-10-27 15:09:00,1,256.4,43,3,4,4,Regular customers
12431.0,2011-11-04 11:55:00,15,6487.45,36,3,1,1,Inactive customers
12432.0,2011-10-28 11:43:00,5,5059.32,43,3,2,1,Inactive customers
12433.0,2011-12-09 10:02:00,7,13375.87,1,1,1,1,Inactive customers
12434.0,2011-09-16 12:38:00,2,806.14,85,4,3,3,Regular customers
12435.0,2011-09-21 09:06:00,2,7829.89,80,4,3,1,Inactive customers
12436.0,2011-09-01 12:09:00,1,509.01,100,4,4,3,Loyal customers
12437.0,2011-12-08 11:35:00,18,4951.41,2,1,1,1,Inactive customers
12438.0,2011-11-25 13:28:00,2,2906.85,14,2,3,1,At-risk customers
12441.0,2010-12-08 10:45:00,1,173.55,367,5,4,5,High-value customers
12442.0,2011-12-06 14:22:00,1,172.06,3,1,4,5,Regular customers
12444.0,2011-11-18 13:23:00,5,5005.46,21,2,2,1,At-risk customers
12445.0,2011-11-17 18:43:00,1,133.4,22,2,4,5,Regular customers
12446.0,2011-10-13 12:50:00,1,1002.3100000000001,58,3,4,2,Inactive customers
12447.0,2011-04-10 13:25:00,1,476.49,243,5,4,4,High-value customers
12448.0,2011-10-26 13:46:00,1,449.45,44,3,4,4,Regular customers
12449.0,2011-11-17 13:46:00,4,4067.29,22,2,2,1,At-risk customers
12450.0,2011-07-06 14:41:00,2,197.88,156,4,3,5,Regular customers
12451.0,2011-11-29 08:40:00,5,9035.52,11,1,2,1,At-risk customers
12452.0,2011-11-23 10:28:00,2,430.57,17,2,3,4,Regular customers
12453.0,2011-07-28 14:08:00,1,707.09,134,4,4,3,Loyal customers
12454.0,2011-10-14 17:13:00,1,3528.34,56,3,4,1,Inactive customers
12455.0,2011-09-27 15:31:00,6,2466.86,73,4,1,1,New customers
12456.0,2011-10-26 14:41:00,3,3181.04,44,3,2,1,Inactive customers
12457.0,2011-10-04 13:13:00,7,2363.23,66,3,1,1,Inactive customers
12458.0,2011-09-29 15:25:00,2,947.4,71,3,3,2,Inactive customers
12461.0,2011-09-06 16:57:00,2,826.88,94,4,3,3,Regular customers
12462.0,2011-11-21 09:11:00,2,1189.59,19,2,3,2,At-risk customers
12463.0,2011-10-17 13:44:00,4,1344.78,53,3,2,2,Inactive customers
12464.0,2011-11-29 13:33:00,8,1212.05,10,1,1,2,Inactive customers
12465.0,2011-11-22 16:34:00,2,742.1899999999999,17,2,3,3,Regular customers
12468.0,2011-06-05 11:36:00,2,729.5400000000001,188,5,3,3,Regular customers
12471.0,2011-12-07 15:43:00,30,19824.05,2,1,1,1,Inactive customers
12472.0,2011-11-07 14:01:00,7,6572.11,32,2,1,1,Inactive customers
12473.0,2011-11-10 13:46:00,5,3938.5499999999997,29,2,2,1,At-risk customers
12474.0,2011-11-22 14:39:00,18,7375.79,17,2,1,1,Inactive customers
12475.0,2011-10-17 10:10:00,1,723.38,54,3,4,3,Regular customers
12476.0,2011-11-24 12:40:00,11,6816.42,16,2,1,1,Inactive customers
12477.0,2011-11-17 09:51:00,6,13219.74,23,2,1,1,Inactive customers
12478.0,2011-12-06 09:56:00,1,680.99,4,1,4,3,Regular customers
12479.0,2011-11-28 13:26:00,1,527.2,11,1,4,3,Regular customers
12480.0,2011-11-11 14:52:00,4,3281.63,28,2,2,1,At-risk customers
12481.0,2011-11-17 08:29:00,10,5596.32,23,2,1,1,Inactive customers
12483.0,2011-11-22 17:02:00,8,2484.98,17,2,1,1,Inactive customers
12484.0,2011-11-07 11:37:00,6,4541.72,33,2,1,1,Inactive customers
12488.0,2011-11-30 08:50:00,3,1298.66,10,1,2,2,At-risk customers
12489.0,2011-01-07 13:13:00,1,334.93,336,5,4,4,High-value customers
12490.0,2011-12-04 16:07:00,10,5417.93,5,1,1,1,Inactive customers
12491.0,2011-11-01 12:18:00,1,460.40000000000003,39,3,4,4,Regular customers
12492.0,2011-10-07 15:15:00,2,263.21000000000004,63,3,3,4,Regular customers
12493.0,2011-06-27 10:17:00,2,433.74,166,4,3,4,Regular customers
12494.0,2011-11-24 09:34:00,7,1246.1000000000001,16,2,1,2,Inactive customers
12497.0,2011-09-19 12:29:00,1,1043.1,82,4,4,2,Loyal customers
12498.0,2011-11-18 12:53:00,3,403.70000000000005,21,2,2,4,At-risk customers
12500.0,2011-11-16 16:20:00,11,4257.82,23,2,1,1,Inactive customers
12501.0,2011-01-07 12:28:00,1,2169.39,337,5,4,1,Loyal customers
12502.0,2011-09-05 11:52:00,5,3723.87,96,4,2,1,New customers
12504.0,2011-11-21 16:02:00,2,482.04999999999995,18,2,3,4,Regular customers
12506.0,2011-04-21 08:54:00,1,73.5,233,5,4,5,High-value customers
12507.0,2011-07-28 17:09:00,3,1304.81,134,4,2,2,New customers
12508.0,2011-11-13 15:37:00,2,398.27,26,2,3,4,Regular customers
12509.0,2011-02-28 14:45:00,1,176.5,284,5,4,5,High-value customers
12510.0,2011-07-20 10:15:00,2,982.5699999999999,143,4,3,2,Inactive customers
12512.0,2011-10-04 14:55:00,2,138.03,66,3,3,5,Regular customers
12513.0,2011-08-19 10:51:00,1,612.29,113,4,4,3,Loyal customers
12514.0,2011-03-17 16:38:00,1,1017.68,267,5,4,2,Loyal customers
12515.0,2010-12-21 15:43:00,1,383.7,353,5,4,4,High-value customers
12516.0,2011-09-23 09:13:00,2,1312.06,78,4,3,2,Inactive customers
12517.0,2011-11-11 14:04:00,5,2502.84,28,2,2,1,At-risk customers
12518.0,2011-12-09 10:13:00,5,2056.89,1,1,2,2,At-risk customers
12519.0,2011-10-07 09:26:00,1,340.84,64,3,4,4,Regular customers
12520.0,2011-09-21 15:23:00,5,2634.26,79,4,2,1,New customers
12521.0,2011-07-20 10:51:00,1,599.68,143,4,4,3,Loyal customers
12522.0,2011-10-31 15:30:00,2,192.72,39,3,3,5,Regular customers
12523.0,2011-11-20 12:55:00,11,1789.77,19,2,1,2,Inactive customers
12524.0,2011-11-30 15:31:00,8,4485.72,9,1,1,1,Inactive customers
12526.0,2011-12-09 12:09:00,3,1316.66,1,1,2,2,At-risk customers
12527.0,2011-09-19 11:55:00,3,348.71000000000004,82,4,2,4,New customers
12528.0,2011-11-30 14:40:00,6,1933.48,9,1,1,2,Inactive customers
12530.0,2011-10-11 12:34:00,4,1662.28,60,3,2,2,Inactive customers
12531.0,2011-11-25 11:12:00,1,125.22,15,2,4,5,Regular customers
12532.0,2011-11-09 13:47:00,1,349.83000000000004,30,2,4,4,Regular customers
12534.0,2011-08-01 10:26:00,1,1089.18,131,4,4,2,Loyal customers
12535.0,2011-09-09 08:48:00,2,716.35,92,4,3,3,Regular customers
12536.0,2011-10-27 14:20:00,3,12601.830000000002,43,3,2,1,Inactive customers
12538.0,2011-11-10 17:16:00,1,363.95,29,2,4,4,Regular customers
12539.0,2011-11-17 13:30:00,4,5568.35,22,2,2,1,At-risk customers
12540.0,2011-11-20 11:31:00,17,13400.24,20,2,1,1,Inactive customers
12541.0,2011-11-10 10:40:00,3,981.18,30,2,2,2,At-risk customers
12544.0,2011-11-03 16:15:00,1,372.7,36,3,4,4,Regular customers
12545.0,2011-09-25 13:39:00,2,1000.39,75,4,3,2,Inactive customers
12546.0,2011-10-24 12:09:00,2,1161.5,47,3,3,2,Inactive customers
12547.0,2011-05-26 12:38:00,2,207.79999999999998,198,5,3,5,Regular customers
12548.0,2011-06-26 15:35:00,1,95.19999999999999,166,4,4,5,High-value customers
12550.0,2011-09-21 14:35:00,1,964.83,79,4,4,2,Loyal customers
12551.0,2010-12-17 11:23:00,1,168.0,358,5,4,5,High-value customers
12552.0,2011-11-01 10:02:00,2,437.82,39,3,3,4,Regular customers
12553.0,2011-12-01 16:38:00,10,3692.28,8,1,1,1,Inactive customers
12556.0,2011-10-20 13:06:00,2,603.71,50,3,3,3,Regular customers
12557.0,2011-11-23 16:59:00,5,11990.960000000001,16,2,2,1,At-risk customers
12558.0,2011-12-02 10:41:00,1,269.96,8,1,4,4,Regular customers
12559.0,2011-02-02 09:49:00,2,561.71,311,5,3,3,Regular customers
12560.0,2011-12-04 13:54:00,3,2134.01,5,1,2,1,At-risk customers
12561.0,2011-02-10 11:39:00,1,238.85,303,5,4,5,High-value customers
12562.0,2011-12-01 17:20:00,7,3781.7400000000002,8,1,1,1,Inactive customers
12564.0,2011-03-23 14:55:00,1,456.9,261,5,4,4,High-value customers
12565.0,2011-02-24 10:34:00,1,145.92,289,5,4,5,High-value customers
12566.0,2011-09-14 14:30:00,1,351.65,86,4,4,4,High-value customers
12567.0,2011-11-17 11:02:00,10,9401.28,23,2,1,1,Inactive customers
12569.0,2011-12-07 16:24:00,32,4124.69,2,1,1,1,Inactive customers
12571.0,2011-10-31 10:19:00,2,519.61,40,3,3,3,Regular customers
12572.0,2011-12-01 09:20:00,2,1020.42,9,1,3,2,At-risk customers
12573.0,2011-04-26 15:52:00,1,160.54000000000002,227,5,4,5,High-value customers
12574.0,2011-01-28 09:20:00,1,218.45,316,5,4,5,High-value customers
12576.0,2011-11-04 10:11:00,5,1315.83,36,3,2,2,Inactive customers
12577.0,2011-11-04 13:24:00,3,657.8,35,3,2,3,Inactive customers
12578.0,2011-11-18 13:30:00,2,2794.51,21,2,3,1,At-risk customers
12579.0,2011-09-22 17:15:00,1,440.42,78,4,4,4,High-value customers
12580.0,2011-04-07 10:24:00,1,415.7,247,5,4,4,High-value customers
12581.0,2011-10-31 08:56:00,1,197.71,40,3,4,5,Regular customers
12582.0,2011-04-15 08:45:00,2,511.36,239,5,3,3,Regular customers
12583.0,2011-12-07 08:07:00,15,7281.38,3,1,1,1,Inactive customers
12584.0,2011-12-06 09:35:00,9,2338.15,4,1,1,1,Inactive customers
12585.0,2011-04-19 13:39:00,2,2040.1,234,5,3,2,Inactive customers
12586.0,2011-11-22 16:24:00,1,196.94000000000003,17,2,4,5,Regular customers
12587.0,2011-12-02 12:47:00,1,144.0,8,1,4,5,Regular customers
12588.0,2011-10-31 15:01:00,1,214.89999999999998,39,3,4,5,Regular customers
12589.0,2011-11-11 10:19:00,2,646.68,29,2,3,3,Regular customers
12590.0,2011-05-12 14:52:00,2,9864.26,211,5,3,1,Inactive customers
12591.0,2011-01-26 14:35:00,1,452.84999999999997,317,5,4,4,High-value customers
12592.0,2011-09-08 15:04:00,2,437.6,92,4,3,4,Regular customers
12593.0,2011-08-23 12:43:00,3,418.09999999999997,109,4,2,4,New customers
12594.0,2011-11-02 12:20:00,10,3338.2200000000003,38,3,1,1,Inactive customers
12596.0,2011-10-19 13:02:00,2,618.27,51,3,3,3,Regular customers
12597.0,2011-11-20 13:33:00,4,3811.22,19,2,2,1,At-risk customers
12598.0,2011-11-30 12:18:00,8,3023.08,10,1,1,1,Inactive customers
12599.0,2011-11-10 13:34:00,7,1032.58,29,2,1,2,Inactive customers
12600.0,2011-11-11 10:29:00,10,2599.04,29,2,1,1,Inactive customers
12601.0,2011-06-03 10:17:00,5,577.0600000000001,190,5,2,3,New customers
12602.0,2011-10-12 11:22:00,1,153.12,59,3,4,5,Regular customers
12603.0,2011-11-18 10:42:00,1,739.1999999999999,22,2,4,3,Regular customers
12604.0,2011-09-21 14:08:00,2,254.18,79,4,3,4,Regular customers
12607.0,2011-10-10 16:06:00,1,1579.51,60,3,4,2,Inactive customers
12609.0,2011-09-22 16:34:00,3,1126.85,78,4,2,2,New customers
12610.0,2011-11-17 09:34:00,5,2099.54,23,2,2,1,At-risk customers
12611.0,2011-10-18 13:12:00,1,1193.32,52,3,4,2,Inactive customers
12612.0,2011-09-26 15:35:00,1,704.0400000000001,74,4,4,3,Loyal customers
12613.0,2011-10-13 14:59:00,5,3344.38,57,3,2,1,Inactive customers
12614.0,2011-03-07 10:22:00,1,315.6,278,5,4,4,High-value customers
12615.0,2011-12-07 15:02:00,4,2291.19,2,1,2,1,At-risk customers
12616.0,2011-09-05 15:17:00,2,713.3,95,4,3,3,Regular customers
12617.0,2011-11-10 14:39:00,1,355.53,29,2,4,4,Regular customers
12618.0,2011-11-18 11:10:00,1,177.31,22,2,4,5,Regular customers
12619.0,2011-11-23 14:52:00,9,3641.24,16,2,1,1,Inactive customers
12620.0,2011-11-25 10:20:00,3,1339.41,15,2,2,2,At-risk customers
12621.0,2011-12-08 11:25:00,20,13689.67,2,1,1,1,Inactive customers
12622.0,2011-04-21 16:39:00,1,180.1,232,5,4,5,High-value customers
12623.0,2011-03-08 13:50:00,1,305.1,276,5,4,4,High-value customers
12624.0,2011-08-25 15:04:00,2,641.13,106,4,3,3,Regular customers
12625.0,2011-05-12 09:54:00,2,2683.82,212,5,3,1,Inactive customers
12626.0,2011-11-16 16:06:00,9,6620.48,23,2,1,1,Inactive customers
12627.0,2011-11-29 12:07:00,7,4478.53,11,1,1,1,Inactive customers
12628.0,2011-12-05 13:15:00,3,786.46,4,1,2,3,At-risk customers
12630.0,2011-11-30 10:48:00,2,1270.88,10,1,3,2,At-risk customers
12631.0,2011-10-13 13:53:00,1,640.5,57,3,4,3,Regular customers
12633.0,2011-10-12 11:40:00,4,2163.98,59,3,2,1,Inactive customers
12635.0,2011-09-11 11:04:00,2,1689.18,90,4,3,2,Inactive customers
12637.0,2011-10-03 13:46:00,8,6021.9,67,3,1,1,Inactive customers
12638.0,2011-11-06 13:11:00,1,671.69,33,2,4,3,Regular customers
12639.0,2011-04-15 12:48:00,1,486.1,239,5,4,4,High-value customers
12640.0,2011-11-16 11:52:00,3,1174.58,24,2,2,2,At-risk customers
12641.0,2011-08-16 13:26:00,1,185.9,115,4,4,5,High-value customers
12642.0,2011-11-14 15:03:00,3,1013.26,25,2,2,2,At-risk customers
12643.0,2011-08-03 12:56:00,6,3344.64,128,4,1,1,New customers
12644.0,2011-08-02 10:33:00,1,477.91,130,4,4,4,High-value customers
12645.0,2011-11-06 12:38:00,4,1775.18,34,3,2,2,Inactive customers
12646.0,2011-12-05 10:14:00,2,1346.97,5,1,3,2,At-risk customers
12647.0,2011-11-17 12:56:00,12,3722.82,22,2,1,1,Inactive customers
12648.0,2011-07-08 11:55:00,1,318.05,155,4,4,4,High-value customers
12649.0,2011-08-24 14:41:00,3,623.51,107,4,2,3,New customers
12650.0,2011-12-06 16:34:00,1,314.44,3,1,4,4,Regular customers
12651.0,2011-01-09 12:46:00,1,114.0,335,5,4,5,High-value customers
12652.0,2011-01-12 15:00:00,1,919.98,331,5,4,3,Loyal customers
12653.0,2011-07-14 10:41:00,2,2209.85,149,4,3,1,Inactive customers
12654.0,2011-11-29 10:10:00,5,601.98,11,1,2,3,At-risk customers
12656.0,2011-11-22 13:42:00,5,4051.17,17,2,2,1,At-risk customers
12657.0,2011-11-28 15:47:00,4,1643.18,11,1,2,2,At-risk customers
12658.0,2011-11-21 10:22:00,1,686.05,19,2,4,3,Regular customers
12659.0,2011-11-10 11:53:00,1,91.68,30,2,4,5,Regular customers
12660.0,2011-11-28 13:26:00,1,245.1,11,1,4,5,Regular customers
12662.0,2011-12-09 11:59:00,11,3849.78,1,1,1,1,Inactive customers
12664.0,2011-12-01 17:07:00,9,4881.88,8,1,1,1,Inactive customers
12665.0,2011-01-19 08:34:00,1,63.0,325,5,4,5,High-value customers
12667.0,2011-10-12 17:00:00,1,620.13,58,3,4,3,Regular customers
12668.0,2011-11-28 10:56:00,4,3807.15,12,1,2,1,At-risk customers
12669.0,2011-07-12 09:54:00,3,2744.0299999999997,151,4,2,1,New customers
12670.0,2011-11-29 15:23:00,5,2996.05,10,1,2,1,At-risk customers
12672.0,2011-01-14 09:20:00,1,225.89999999999998,330,5,4,5,High-value customers
12673.0,2011-12-04 13:55:00,2,610.52,5,1,3,3,Regular customers
12674.0,2011-11-01 12:12:00,4,1970.6,39,3,2,2,Inactive customers
12676.0,2011-11-15 12:25:00,6,1331.39,25,2,1,2,Inactive customers
12678.0,2011-10-28 13:04:00,12,17628.46,42,3,1,1,Inactive customers
12679.0,2011-10-12 12:30:00,4,1113.02,59,3,2,2,Inactive customers
12680.0,2011-12-09 12:50:00,4,862.81,1,1,2,3,At-risk customers
12681.0,2011-11-25 11:33:00,22,13787.54,15,2,1,1,Inactive customers
12682.0,2011-12-06 10:00:00,31,12288.22,4,1,1,1,Inactive customers
12683.0,2011-12-05 16:31:00,15,8476.57,4,1,1,1,Inactive customers
12684.0,2011-12-02 09:53:00,7,2283.63,8,1,1,1,Inactive customers
12685.0,2011-11-11 13:46:00,6,2863.08,28,2,1,1,Inactive customers
12686.0,2010-12-03 09:51:00,1,89.14,372,5,4,5,High-value customers
12688.0,2011-08-18 08:49:00,1,4873.8099999999995,114,4,4,1,Loyal customers
12689.0,2011-11-14 08:31:00,2,1247.61,26,2,3,2,At-risk customers
12690.0,2011-05-18 09:09:00,1,389.01,206,5,4,4,High-value customers
12691.0,2011-11-11 16:49:00,6,1035.8,28,2,1,2,Inactive customers
12693.0,2011-08-04 17:51:00,4,855.91,127,4,2,3,New customers
12694.0,2011-09-30 13:06:00,2,869.67,70,3,3,3,Regular customers
12695.0,2011-12-02 13:22:00,4,582.1,7,1,2,3,At-risk customers
12697.0,2011-11-11 08:47:00,3,957.59,29,2,2,2,At-risk customers
12700.0,2011-12-02 10:47:00,4,4939.99,8,1,2,1,At-risk customers
12701.0,2011-09-21 10:47:00,2,797.71,80,4,3,3,Regular customers
12702.0,2011-11-20 10:36:00,1,219.0,20,2,4,5,Regular customers
12703.0,2011-09-29 17:52:00,1,283.55,71,3,4,4,Regular customers
12704.0,2011-12-02 13:15:00,8,2340.84,7,1,1,1,Inactive customers
12705.0,2011-11-24 13:17:00,9,6868.29,15,2,1,1,Inactive customers
12707.0,2011-02-21 08:38:00,1,603.42,292,5,4,3,Loyal customers
12708.0,2011-11-10 09:52:00,10,2712.91,30,2,1,1,Inactive customers
12709.0,2011-11-24 15:38:00,15,9736.52,15,2,1,1,Inactive customers
12710.0,2011-09-04 12:00:00,3,1149.02,97,4,2,2,New customers
12712.0,2011-11-11 08:19:00,13,4396.13,29,2,1,1,Inactive customers
12713.0,2011-12-09 12:16:00,1,848.55,1,1,4,3,Regular customers
12714.0,2011-11-30 15:43:00,5,4708.86,9,1,2,1,At-risk customers
12715.0,2011-08-25 15:22:00,1,353.86,106,4,4,4,High-value customers
12716.0,2011-12-06 08:55:00,2,1053.49,4,1,3,2,At-risk customers
12717.0,2011-07-11 14:47:00,2,1030.98,151,4,3,2,Inactive customers
12718.0,2011-09-29 16:38:00,1,238.25,71,3,4,5,Regular customers
12719.0,2011-12-04 13:45:00,2,644.95,5,1,3,3,Regular customers
12720.0,2011-12-07 08:03:00,25,5781.73,3,1,1,1,Inactive customers
12721.0,2011-11-08 12:13:00,6,2656.13,32,2,1,1,Inactive customers
12722.0,2011-09-15 14:50:00,4,997.63,85,4,2,2,New customers
12723.0,2011-12-06 10:19:00,5,725.07,4,1,2,3,At-risk customers
12724.0,2011-12-04 16:02:00,4,1031.41,5,1,2,2,At-risk customers
12725.0,2010-12-03 15:45:00,1,427.8,371,5,4,4,High-value customers
12726.0,2011-11-11 13:35:00,7,2609.1,28,2,1,1,Inactive customers
12727.0,2011-11-29 11:46:00,7,3980.7,11,1,1,1,Inactive customers
12728.0,2011-09-29 15:31:00,4,836.33,71,3,2,3,Inactive customers
12729.0,2011-08-18 11:40:00,1,453.01,114,4,4,4,High-value customers
12731.0,2011-11-16 11:59:00,12,18895.91,24,2,1,1,Inactive customers
12732.0,2011-06-13 11:33:00,1,236.26000000000002,180,5,4,5,High-value customers
12733.0,2011-04-19 16:19:00,1,383.95,234,5,4,4,High-value customers
12734.0,2010-12-22 12:47:00,1,110.39999999999999,353,5,4,5,High-value customers
12735.0,2011-01-28 13:37:00,2,779.5699999999999,315,5,3,3,Regular customers
12736.0,2011-01-11 07:57:00,1,234.0,333,5,4,5,High-value customers
12738.0,2010-12-02 18:27:00,1,155.35,372,5,4,5,High-value customers
12739.0,2011-09-22 13:00:00,2,1013.04,78,4,3,2,Inactive customers
12740.0,2011-10-07 10:44:00,1,427.6,64,3,4,4,Regular customers
12743.0,2011-07-28 16:21:00,2,546.43,134,4,3,3,Regular customers
12744.0,2011-10-19 11:18:00,7,21279.29,52,3,1,1,Inactive customers
12747.0,2011-12-07 14:34:00,11,4196.01,2,1,1,1,Inactive customers
12748.0,2011-12-09 12:20:00,209,33719.73,1,1,1,1,Inactive customers
12749.0,2011-12-06 09:56:00,5,4090.88,4,1,2,1,At-risk customers
12750.0,2011-08-03 09:13:00,1,275.88,129,4,4,4,High-value customers
12752.0,2011-09-19 13:32:00,1,4366.78,81,4,4,1,Loyal customers
12753.0,2011-11-17 10:52:00,6,21429.39,23,2,1,1,Inactive customers
12754.0,2011-04-18 09:00:00,3,3010.74,236,5,2,1,New customers
12755.0,2011-03-04 12:42:00,2,3811.95,281,5,3,1,Inactive customers
12756.0,2011-09-14 09:31:00,1,112.07999999999998,87,4,4,5,High-value customers
12757.0,2011-11-24 12:30:00,13,7857.1,16,2,1,1,Inactive customers
12758.0,2011-08-15 10:22:00,2,2791.59,117,4,3,1,Inactive customers
12759.0,2011-10-18 14:49:00,3,1531.44,52,3,2,2,Inactive customers
12762.0,2011-12-02 10:23:00,2,1898.52,8,1,3,2,At-risk customers
12763.0,2011-07-24 14:12:00,2,494.08,138,4,3,3,Regular customers
12764.0,2011-01-27 10:19:00,1,1693.88,317,5,4,2,Loyal customers
12766.0,2011-12-06 08:46:00,7,6989.63,4,1,1,1,Inactive customers
12769.0,2011-04-15 10:25:00,1,1143.6,239,5,4,2,Loyal customers
12770.0,2011-05-13 09:33:00,1,1351.45,211,5,4,2,Loyal customers
12772.0,2011-10-11 09:19:00,1,892.47,60,3,4,3,Regular customers
12775.0,2011-11-22 16:33:00,5,1386.04,17,2,2,2,At-risk customers
12778.0,2011-11-20 11:30:00,6,822.23,20,2,1,3,Inactive customers
12779.0,2011-11-02 11:43:00,8,3981.36,38,3,1,1,Inactive customers
12781.0,2011-10-07 10:37:00,2,826.74,64,3,3,3,Regular customers
12782.0,2011-12-05 09:16:00,5,2330.92,5,1,2,1,At-risk customers
12783.0,2011-12-07 15:56:00,6,2225.91,2,1,1,1,Inactive customers
12784.0,2011-11-30 15:38:00,2,574.42,9,1,3,3,Regular customers
12785.0,2010-12-10 13:48:00,1,311.95,364,5,4,4,High-value customers
12787.0,2011-11-30 08:44:00,3,463.66,10,1,2,4,At-risk customers
12789.0,2011-10-05 13:34:00,1,91.85,65,3,4,5,Regular customers
12790.0,2011-05-31 14:14:00,1,324.92,192,5,4,4,High-value customers
12791.0,2010-12-01 11:27:00,1,192.60000000000002,374,5,4,5,High-value customers
12792.0,2011-03-28 11:36:00,1,400.53999999999996,257,5,4,4,High-value customers
12793.0,2011-01-09 12:12:00,2,545.48,335,5,3,3,Regular customers
12794.0,2011-10-17 14:54:00,2,860.41,53,3,3,3,Regular customers
12795.0,2011-11-21 10:27:00,1,430.48,19,2,4,4,Regular customers
12797.0,2010-12-09 10:55:00,1,254.03,366,5,4,4,High-value customers
12798.0,2011-11-29 15:52:00,3,6977.04,10,1,2,1,At-risk customers
12802.0,2011-06-06 09:36:00,1,427.58,187,5,4,4,High-value customers
12808.0,2011-11-03 10:05:00,3,483.65000000000003,37,3,2,4,Inactive customers
12809.0,2011-06-15 10:51:00,1,489.31,178,4,4,4,High-value customers
12811.0,2011-03-24 09:42:00,3,514.85,261,5,2,3,New customers
12812.0,2011-10-26 09:54:00,1,229.64000000000001,45,3,4,5,Regular customers
12814.0,2011-08-30 12:11:00,1,125.92,102,4,4,5,High-value customers
12815.0,2011-07-15 10:21:00,2,1063.46,148,4,3,2,Inactive customers
12816.0,2011-09-05 12:41:00,2,572.2,96,4,3,3,Regular customers
12817.0,2011-03-03 16:28:00,1,166.04,281,5,4,5,High-value customers
12818.0,2011-03-23 12:06:00,1,1542.08,262,5,4,2,Loyal customers
12820.0,2011-12-06 15:12:00,4,942.34,3,1,2,2,At-risk customers
12821.0,2011-05-09 15:51:00,1,92.72,214,5,4,5,High-value customers
12822.0,2011-09-30 10:04:00,2,948.88,71,3,3,2,Inactive customers
12823.0,2011-09-26 07:35:00,5,1759.5,75,4,2,2,New customers
12824.0,2011-10-11 12:49:00,1,397.12,60,3,4,4,Regular customers
12826.0,2011-12-07 10:25:00,7,1474.72,3,1,1,2,Inactive customers
12827.0,2011-12-04 12:17:00,3,430.15000000000003,6,1,2,4,At-risk customers
12828.0,2011-12-07 08:45:00,6,1018.71,3,1,1,2,Inactive customers
12829.0,2011-01-07 11:13:00,2,293.0,337,5,3,4,Regular customers
12830.0,2011-11-02 11:54:00,6,6814.64,38,3,1,1,Inactive customers
12831.0,2011-03-22 13:02:00,1,215.05,262,5,4,5,High-value customers
12832.0,2011-11-07 13:30:00,2,383.03,32,2,3,4,Regular customers
12833.0,2011-07-17 13:46:00,1,417.38,145,4,4,4,High-value customers
12834.0,2011-03-02 09:49:00,1,312.38,283,5,4,4,High-value customers
12836.0,2011-10-11 15:10:00,4,2612.86,59,3,2,1,Inactive customers
12837.0,2011-06-19 16:07:00,1,134.1,173,4,4,5,High-value customers
12838.0,2011-11-06 12:20:00,2,683.13,34,3,3,3,Regular customers
12839.0,2011-12-07 12:33:00,14,5591.42,3,1,1,1,Inactive customers
12840.0,2011-07-19 09:29:00,4,2726.77,144,4,2,1,New customers
12841.0,2011-12-05 11:13:00,25,4022.35,5,1,1,1,Inactive customers
12842.0,2011-09-30 15:33:00,2,1118.99,70,3,3,2,Inactive customers
12843.0,2011-10-05 12:09:00,8,1702.26,66,3,1,2,Inactive customers
12844.0,2011-11-10 13:31:00,2,325.96000000000004,29,2,3,4,Regular customers
12845.0,2011-03-17 13:34:00,4,354.09,267,5,2,4,New customers
12847.0,2011-11-17 13:16:00,1,871.54,22,2,4,3,Regular customers
12849.0,2011-11-08 13:41:00,2,1050.8899999999999,31,2,3,2,At-risk customers
12851.0,2011-09-04 12:41:00,1,135.18,97,4,4,5,High-value customers
12852.0,2011-02-18 08:47:00,1,311.55,295,5,4,4,High-value customers
12853.0,2011-07-28 11:29:00,6,1957.1000000000001,135,4,1,2,New customers
12854.0,2011-09-22 12:15:00,3,1324.5,79,4,2,2,New customers
12855.0,2010-12-02 09:37:00,1,38.1,373,5,4,5,High-value customers
12856.0,2011-12-02 10:52:00,6,2179.93,8,1,1,1,Inactive customers
12857.0,2011-05-13 10:20:00,2,1106.4,211,5,3,2,Inactive customers
12863.0,2011-10-18 14:15:00,1,521.2,52,3,4,3,Regular customers
12864.0,2011-07-24 13:03:00,1,147.12,138,4,4,5,High-value customers
12865.0,2011-11-13 14:31:00,2,1568.23,26,2,3,2,At-risk customers
12866.0,2011-03-01 14:11:00,1,559.12,283,5,4,3,Loyal customers
12867.0,2011-11-13 15:30:00,7,4036.82,26,2,1,1,Inactive customers
12868.0,2011-06-07 10:42:00,6,1607.0600000000002,186,5,1,2,New customers
12871.0,2011-09-16 15:07:00,2,380.64,84,4,3,4,Regular customers
12872.0,2011-01-17 10:52:00,2,599.97,327,5,3,3,Regular customers
12873.0,2011-03-02 14:58:00,1,374.0,282,5,4,4,High-value customers
12875.0,2011-07-19 15:30:00,2,343.2300000000001,143,4,3,4,Regular customers
12876.0,2011-10-13 12:26:00,2,2218.02,58,3,3,1,Inactive customers
12877.0,2011-12-06 10:30:00,12,1535.77,4,1,1,2,Inactive customers
12878.0,2011-04-17 13:07:00,2,854.99,236,5,3,3,Regular customers
12879.0,2011-10-26 12:24:00,3,573.22,45,3,2,3,Inactive customers
12881.0,2011-03-09 11:44:00,1,298.0,276,5,4,4,High-value customers
12882.0,2011-11-30 16:18:00,2,1463.04,9,1,3,2,At-risk customers
12883.0,2011-11-15 09:32:00,4,703.47,25,2,2,3,At-risk customers
12884.0,2011-09-12 13:10:00,1,309.05,88,4,4,4,High-value customers
12885.0,2011-10-07 13:40:00,3,1175.22,63,3,2,2,Inactive customers
12886.0,2011-10-03 10:09:00,2,1378.4,68,3,3,2,Inactive customers
12888.0,2011-05-09 16:02:00,2,354.12,214,5,3,4,Regular customers
12890.0,2011-11-15 17:26:00,1,380.46999999999997,24,2,4,4,Regular customers
12891.0,2011-06-07 12:31:00,3,331.0,186,5,2,4,New customers
12893.0,2011-11-09 12:34:00,1,188.14,31,2,4,5,Regular customers
12895.0,2011-10-28 13:51:00,2,372.8,42,3,3,4,Regular customers
12897.0,2011-05-19 12:13:00,2,216.5,205,5,3,5,Regular customers
12901.0,2011-12-01 10:07:00,28,17654.54,9,1,1,1,Inactive customers
12902.0,2011-03-20 12:06:00,1,138.68,265,5,4,5,High-value customers
12904.0,2011-11-21 14:34:00,2,509.58,18,2,3,3,Regular customers
12906.0,2011-11-28 09:55:00,5,2919.81,12,1,2,1,At-risk customers
12908.0,2011-06-16 15:39:00,2,750.0,176,4,3,3,Regular customers
12909.0,2011-10-31 12:43:00,5,2178.67,40,3,2,1,Inactive customers
12910.0,2011-11-16 14:28:00,8,3075.04,23,2,1,1,Inactive customers
12912.0,2011-12-07 08:55:00,5,1662.3,3,1,2,2,At-risk customers
12913.0,2011-12-05 12:11:00,5,2483.63,5,1,2,1,At-risk customers
12915.0,2011-07-14 11:34:00,2,363.65,149,4,3,4,Regular customers
12916.0,2011-07-24 10:35:00,4,3006.15,139,4,2,1,New customers
12917.0,2011-08-03 16:42:00,1,594.0,128,4,4,3,Loyal customers
12919.0,2011-12-01 13:47:00,6,1335.19,8,1,1,2,Inactive customers
12920.0,2011-11-22 15:05:00,1,164.23,17,2,4,5,Regular customers
12921.0,2011-11-30 16:22:00,37,16587.09,9,1,1,1,Inactive customers
12922.0,2011-07-01 15:35:00,1,405.38,161,4,4,4,High-value customers
12923.0,2011-10-06 16:20:00,1,176.97,64,3,4,5,Regular customers
12924.0,2011-09-12 13:55:00,4,933.7,88,4,2,3,New customers
12925.0,2011-12-05 11:11:00,2,694.05,5,1,3,3,Regular customers
12928.0,2011-11-04 14:24:00,5,2062.7000000000003,35,3,2,1,Inactive customers
12929.0,2011-02-01 12:08:00,1,117.85,312,5,4,5,High-value customers
12930.0,2011-09-22 15:18:00,2,415.8,78,4,3,4,Regular customers
12931.0,2011-11-18 12:39:00,15,42055.96,22,2,1,1,Inactive customers
12933.0,2011-11-15 16:38:00,3,607.53,24,2,2,3,At-risk customers
12935.0,2011-12-07 17:25:00,7,2160.7,2,1,1,1,Inactive customers
12936.0,2011-11-22 17:32:00,4,1063.9,17,2,2,2,At-risk customers
12937.0,2011-11-24 15:05:00,4,1504.27,15,2,2,2,At-risk customers
12938.0,2011-11-14 11:21:00,1,114.14,26,2,4,5,Regular customers
12939.0,2011-10-06 14:33:00,8,11581.8,64,3,1,1,Inactive customers
12940.0,2011-10-16 12:09:00,2,913.54,55,3,3,3,Regular customers
12942.0,2011-07-31 14:39:00,3,683.9,131,4,2,3,New customers
12944.0,2011-11-04 11:04:00,2,604.51,36,3,3,3,Regular customers
12945.0,2011-02-24 14:15:00,1,462.95,288,5,4,4,High-value customers
12947.0,2011-07-19 10:06:00,6,1603.99,144,4,1,2,New customers
12948.0,2011-11-23 17:10:00,7,2064.95,16,2,1,1,Inactive customers
12949.0,2011-11-09 11:25:00,8,4167.22,31,2,1,1,Inactive customers
12950.0,2011-12-07 13:17:00,3,1843.0,2,1,2,2,At-risk customers
12951.0,2011-12-01 12:14:00,6,1064.07,9,1,1,2,Inactive customers
12952.0,2011-12-04 10:35:00,4,1387.79,6,1,2,2,At-risk customers
12953.0,2011-11-30 09:24:00,1,329.85,10,1,4,4,Regular customers
12955.0,2011-12-08 16:29:00,11,4757.16,1,1,1,1,Inactive customers
12956.0,2011-02-06 16:08:00,1,108.07,306,5,4,5,High-value customers
12957.0,2011-11-30 09:53:00,8,4017.54,10,1,1,1,Inactive customers
12962.0,2011-12-02 15:55:00,2,266.39,7,1,3,4,Regular customers
12963.0,2011-12-01 12:55:00,8,1856.63,8,1,1,2,Inactive customers
12965.0,2011-09-11 15:31:00,1,771.91,89,4,4,3,Loyal customers
12966.0,2011-11-30 12:38:00,1,160.18,10,1,4,5,Regular customers
12967.0,2010-12-16 19:10:00,2,1660.9,358,5,3,2,Inactive customers
12968.0,2011-08-19 15:44:00,1,135.95,112,4,4,5,High-value customers
12970.0,2011-12-02 14:30:00,4,452.24,7,1,2,4,At-risk customers
12971.0,2011-12-06 12:20:00,86,11189.91,4,1,1,1,Inactive customers
12974.0,2011-05-26 09:33:00,1,144.8,198,5,4,5,High-value customers
12976.0,2011-05-12 09:55:00,1,738.6,212,5,4,3,Loyal customers
12977.0,2011-07-06 16:40:00,1,39.239999999999995,156,4,4,5,High-value customers
12980.0,2011-07-05 09:34:00,9,7374.900000000001,158,4,1,1,New customers
12981.0,2011-11-10 12:00:00,2,372.21999999999997,30,2,3,4,Regular customers
12982.0,2011-04-11 11:51:00,1,390.54,243,5,4,4,High-value customers
12984.0,2011-11-21 12:37:00,1,97.5,19,2,4,5,Regular customers
12985.0,2011-12-09 10:46:00,2,1239.38,1,1,3,2,At-risk customers
12987.0,2011-09-27 12:03:00,2,558.7,74,4,3,3,Regular customers
12988.0,2011-02-20 14:31:00,1,535.32,292,5,4,3,Loyal customers
12989.0,2011-12-06 15:28:00,15,6924.110000000001,3,1,1,1,Inactive customers
12990.0,2011-11-08 13:01:00,3,409.5,31,2,2,4,At-risk customers
12991.0,2011-11-16 15:34:00,2,503.76,23,2,3,3,Regular customers
12993.0,2011-11-16 15:49:00,4,414.76,23,2,2,4,At-risk customers
12994.0,2011-12-05 15:43:00,3,974.4200000000001,4,1,2,2,At-risk customers
12995.0,2011-09-15 15:44:00,1,211.32,85,4,4,5,High-value customers
12997.0,2011-11-17 15:47:00,4,1226.89,22,2,2,2,At-risk customers
12999.0,2011-05-27 13:24:00,3,455.88,196,5,2,4,New customers
13000.0,2011-08-25 10:43:00,3,534.85,107,4,2,3,New customers
13001.0,2011-12-05 14:51:00,13,9818.82,4,1,1,1,Inactive customers
13002.0,2011-01-25 15:18:00,1,120.94999999999999,318,5,4,5,High-value customers
13003.0,2011-08-26 10:50:00,3,149.05,106,4,2,5,New customers
13004.0,2011-11-28 11:27:00,18,5655.91,12,1,1,1,Inactive customers
13005.0,2011-06-19 10:53:00,2,513.7,174,4,3,3,Regular customers
13006.0,2011-10-14 13:49:00,1,81.57,56,3,4,5,Regular customers
13008.0,2011-01-20 14:24:00,1,229.46999999999997,323,5,4,5,High-value customers
13011.0,2010-12-02 17:22:00,1,50.550000000000004,372,5,4,5,High-value customers
13012.0,2011-11-30 13:05:00,8,1661.8400000000001,9,1,1,2,Inactive customers
13013.0,2011-12-08 15:01:00,13,4810.9400000000005,1,1,1,1,Inactive customers
13014.0,2011-11-29 12:27:00,10,3466.2799999999997,11,1,1,1,Inactive customers
13015.0,2011-10-17 13:19:00,5,3346.28,53,3,2,1,Inactive customers
13016.0,2011-09-27 14:08:00,3,789.89,73,4,2,3,New customers
13017.0,2011-12-02 15:53:00,1,204.0,7,1,4,5,Regular customers
13018.0,2011-11-23 13:28:00,28,7277.7,16,2,1,1,Inactive customers
13021.0,2011-12-05 16:37:00,9,2616.38,4,1,1,1,Inactive customers
13023.0,2011-10-06 16:27:00,2,689.9,64,3,3,3,Regular customers
13026.0,2011-12-08 16:58:00,5,975.36,1,1,2,2,At-risk customers
13027.0,2011-08-18 09:39:00,6,6912.0,114,4,1,1,New customers
13028.0,2011-11-17 11:10:00,2,661.3199999999999,23,2,3,3,Regular customers
13029.0,2011-11-09 09:13:00,3,1247.5,31,2,2,2,At-risk customers
13030.0,2011-11-28 14:30:00,2,799.48,11,1,3,3,Regular customers
13032.0,2011-10-18 15:54:00,2,1010.18,52,3,3,2,Inactive customers
13033.0,2010-12-17 14:23:00,1,190.55,357,5,4,5,High-value customers
13034.0,2011-10-16 12:21:00,2,642.77,55,3,3,3,Regular customers
13035.0,2011-09-27 08:57:00,2,921.88,74,4,3,3,Regular customers
13037.0,2011-07-24 15:46:00,3,881.07,138,4,2,3,New customers
13038.0,2011-09-20 14:37:00,3,908.46,80,4,2,3,New customers
13040.0,2011-12-01 10:38:00,2,676.99,9,1,3,3,Regular customers
13043.0,2011-03-11 14:52:00,1,516.42,273,5,4,3,Loyal customers
13044.0,2011-02-21 15:20:00,1,560.47,291,5,4,3,Loyal customers
13045.0,2011-09-01 15:04:00,1,305.28000000000003,99,4,4,4,High-value customers
13046.0,2011-11-09 08:36:00,2,629.31,31,2,3,3,Regular customers
13047.0,2011-11-08 12:06:00,10,3237.54,32,2,1,1,Inactive customers
13048.0,2011-11-25 13:23:00,4,1835.91,14,2,2,2,At-risk customers
13049.0,2011-10-06 15:31:00,2,656.6800000000001,64,3,3,3,Regular customers
13050.0,2011-11-25 09:18:00,17,5836.86,15,2,1,1,Inactive customers
13052.0,2011-05-11 14:12:00,1,348.15000000000003,212,5,4,4,High-value customers
13055.0,2011-09-22 14:26:00,3,1214.41,78,4,2,2,New customers
13058.0,2011-11-15 12:43:00,3,271.40000000000003,25,2,2,4,At-risk customers
13059.0,2011-04-04 10:40:00,1,183.4,250,5,4,5,High-value customers
13060.0,2011-03-31 11:37:00,1,307.53,254,5,4,4,High-value customers
13061.0,2011-09-28 16:04:00,1,248.61,72,3,4,5,Regular customers
13062.0,2011-06-01 15:12:00,1,346.98,191,5,4,4,High-value customers
13064.0,2011-11-27 12:31:00,4,1119.49,13,1,2,2,At-risk customers
13065.0,2010-12-01 16:52:00,1,205.86,373,5,4,5,High-value customers
13066.0,2011-11-15 12:57:00,2,470.8,24,2,3,4,Regular customers
13067.0,2011-09-18 13:38:00,1,115.46000000000001,82,4,4,5,High-value customers
13068.0,2011-11-29 15:00:00,2,344.0,10,1,3,4,Regular customers
13069.0,2011-12-09 08:39:00,24,4436.12,1,1,1,1,Inactive customers
13070.0,2011-05-31 13:45:00,1,228.8,192,5,4,5,High-value customers
13072.0,2011-03-18 08:12:00,1,177.15,267,5,4,5,High-value customers
13075.0,2011-08-02 10:19:00,1,919.61,130,4,4,3,Loyal customers
13077.0,2011-12-08 19:24:00,4,729.27,1,1,2,3,At-risk customers
13078.0,2011-12-06 15:36:00,26,12627.94,3,1,1,1,Inactive customers
13079.0,2011-12-05 16:53:00,5,220.10000000000002,4,1,2,5,At-risk customers
13080.0,2011-06-13 14:59:00,1,58.08,179,4,4,5,High-value customers
13081.0,2011-11-28 10:54:00,11,28337.38,12,1,1,1,Inactive customers
13082.0,2011-08-05 16:16:00,9,3613.63,126,4,1,1,New customers
13083.0,2011-12-05 15:01:00,2,303.75,4,1,3,4,Regular customers
13085.0,2011-07-05 12:11:00,2,416.08000000000004,158,4,3,4,Regular customers
13089.0,2011-12-07 09:02:00,97,58825.83,3,1,1,1,Inactive customers
13090.0,2011-12-01 12:39:00,14,8910.82,9,1,1,1,Inactive customers
13091.0,2011-11-11 15:54:00,1,345.82,28,2,4,4,Regular customers
13092.0,2011-09-30 11:18:00,5,477.83,71,3,2,4,Inactive customers
13093.0,2011-03-09 12:14:00,8,7832.47,276,5,1,1,New customers
13094.0,2011-11-18 14:07:00,12,1927.3200000000002,21,2,1,2,Inactive customers
13095.0,2011-09-30 12:03:00,1,74.39999999999999,71,3,4,5,Regular customers
13097.0,2011-11-07 10:43:00,10,6010.42,33,2,1,1,Inactive customers
13098.0,2011-12-08 14:14:00,28,28882.44,1,1,1,1,Inactive customers
13099.0,2011-09-01 17:40:00,1,207.35999999999999,99,4,4,5,High-value customers
13101.0,2011-04-19 14:37:00,1,101.19,234,5,4,5,High-value customers
13102.0,2011-12-08 12:52:00,24,6424.09,1,1,1,1,Inactive customers
13103.0,2011-10-31 09:38:00,1,243.94,40,3,4,5,Regular customers
13104.0,2011-12-06 13:10:00,6,1098.48,3,1,1,2,Inactive customers
13106.0,2011-07-29 15:12:00,1,76.5,133,4,4,5,High-value customers
13107.0,2011-10-26 14:52:00,4,1531.6200000000001,44,3,2,2,Inactive customers
13108.0,2010-12-02 10:35:00,1,350.06,373,5,4,4,High-value customers
13109.0,2011-10-11 10:16:00,2,786.54,60,3,3,3,Regular customers
13110.0,2011-11-08 14:30:00,7,1488.67,31,2,1,2,Inactive customers
13113.0,2011-12-09 12:49:00,24,12245.960000000001,1,1,1,1,Inactive customers
13115.0,2011-11-28 12:38:00,4,2294.78,12,1,2,1,At-risk customers
13116.0,2011-07-24 14:33:00,1,501.14,138,4,4,3,Loyal customers
13117.0,2011-11-18 12:02:00,8,984.91,22,2,1,2,Inactive customers
13118.0,2011-11-20 12:46:00,5,1197.81,20,2,2,2,At-risk customers
13120.0,2011-04-15 10:19:00,1,30.599999999999998,239,5,4,5,High-value customers
13121.0,2011-03-15 16:47:00,1,283.73,269,5,4,4,High-value customers
13122.0,2011-09-06 15:53:00,2,922.39,94,4,3,3,Regular customers
13124.0,2011-09-11 12:45:00,3,3866.33,90,4,2,1,New customers
13126.0,2011-12-05 10:00:00,8,2099.64,5,1,1,1,Inactive customers
13127.0,2011-09-23 10:26:00,1,259.17,78,4,4,4,High-value customers
13130.0,2011-09-06 15:30:00,1,64.0,94,4,4,5,High-value customers
13131.0,2011-11-16 13:21:00,3,1073.3,23,2,2,2,At-risk customers
13132.0,2011-03-23 12:44:00,1,77.3,262,5,4,5,High-value customers
13133.0,2011-03-11 10:31:00,2,109.8,274,5,3,5,Regular customers
13134.0,2011-09-15 10:35:00,4,1793.58,86,4,2,2,New customers
13135.0,2011-05-27 10:52:00,1,3096.0,197,5,4,1,Loyal customers
13136.0,2011-10-14 13:41:00,5,2607.61,56,3,2,1,Inactive customers
13137.0,2011-11-29 12:09:00,8,3650.41,11,1,1,1,Inactive customers
13138.0,2011-11-17 16:51:00,6,962.39,22,2,1,2,Inactive customers
13139.0,2011-11-23 13:54:00,7,5064.94,16,2,1,1,Inactive customers
13140.0,2011-08-23 15:33:00,3,423.72,108,4,2,4,New customers
13141.0,2011-09-16 09:54:00,5,2388.75,85,4,2,1,New customers
13142.0,2011-11-20 16:07:00,1,307.09,19,2,4,4,Regular customers
13144.0,2011-01-11 11:15:00,1,110.95,333,5,4,5,High-value customers
13145.0,2011-10-31 12:45:00,4,618.52,40,3,2,3,Inactive customers
13146.0,2011-11-13 15:29:00,1,228.91,26,2,4,5,Regular customers
13147.0,2011-11-29 13:59:00,4,712.8000000000001,10,1,2,3,At-risk customers
13148.0,2011-11-10 15:23:00,12,3707.12,29,2,1,1,Inactive customers
13149.0,2011-11-25 13:09:00,4,1676.06,14,2,2,2,At-risk customers
13151.0,2011-02-17 12:29:00,1,1257.8700000000001,296,5,4,2,Loyal customers
13153.0,2011-12-04 12:14:00,1,486.22,6,1,4,4,Regular customers
13155.0,2011-11-06 15:41:00,4,971.76,33,3,2,2,Inactive customers
13157.0,2011-10-21 13:50:00,4,1741.22,49,3,2,2,Inactive customers
13158.0,2011-09-06 11:58:00,4,1201.06,95,4,2,2,New customers
13159.0,2011-12-01 11:20:00,4,1437.85,9,1,2,2,At-risk customers
13160.0,2011-11-17 13:07:00,1,91.8,22,2,4,5,Regular customers
13161.0,2011-01-30 14:03:00,1,112.75,313,5,4,5,High-value customers
13162.0,2011-08-09 15:59:00,4,1688.29,122,4,2,2,New customers
13165.0,2011-10-24 15:05:00,2,1021.48,46,3,3,2,Inactive customers
13166.0,2011-03-01 15:16:00,1,417.2,283,5,4,4,High-value customers
13167.0,2011-11-21 12:24:00,4,791.33,19,2,2,3,At-risk customers
13168.0,2011-11-03 12:56:00,4,1319.19,36,3,2,2,Inactive customers
13169.0,2011-10-07 12:11:00,2,712.88,64,3,3,3,Regular customers
13170.0,2011-11-13 12:19:00,1,116.00999999999999,27,2,4,5,Regular customers
13171.0,2011-11-18 10:27:00,3,468.41,22,2,2,4,At-risk customers
13173.0,2011-12-05 15:51:00,2,353.65,4,1,3,4,Regular customers
13174.0,2011-11-23 14:35:00,3,2817.03,16,2,2,1,At-risk customers
13176.0,2011-10-24 15:43:00,1,492.84,46,3,4,3,Regular customers
13177.0,2011-10-06 09:56:00,1,282.45,65,3,4,4,Regular customers
13178.0,2011-11-13 16:14:00,11,5725.47,26,2,1,1,Inactive customers
13182.0,2011-10-25 13:46:00,1,121.18,45,3,4,5,Regular customers
13183.0,2011-12-02 10:30:00,9,3957.78,8,1,1,1,Inactive customers
13184.0,2011-11-25 12:02:00,10,1701.29,15,2,1,2,Inactive customers
13185.0,2011-03-17 11:56:00,1,71.4,268,5,4,5,High-value customers
13186.0,2011-10-31 11:40:00,3,1575.89,40,3,2,2,Inactive customers
13187.0,2011-01-06 18:57:00,1,236.02,337,5,4,5,High-value customers
13188.0,2011-11-28 15:28:00,1,114.60000000000001,11,1,4,5,Regular customers
13189.0,2011-11-21 10:39:00,2,260.68,19,2,3,4,Regular customers
13192.0,2011-09-05 14:13:00,2,911.94,95,4,3,3,Regular customers
13193.0,2011-10-09 14:30:00,1,117.88,61,3,4,5,Regular customers
13194.0,2011-07-27 09:01:00,1,60.7,136,4,4,5,High-value customers
13196.0,2011-11-28 13:54:00,4,1797.78,11,1,2,2,At-risk customers
13198.0,2011-11-29 15:17:00,6,3401.2400000000002,10,1,1,1,Inactive customers
13199.0,2011-12-06 12:30:00,38,9817.12,4,1,1,1,Inactive customers
13200.0,2011-11-20 15:35:00,4,870.09,19,2,2,3,At-risk customers
13203.0,2011-11-30 10:45:00,4,869.46,10,1,2,3,At-risk customers
13207.0,2011-11-24 14:52:00,2,250.26000000000002,15,2,3,4,Regular customers
13208.0,2011-10-12 09:54:00,6,1223.9,59,3,1,2,Inactive customers
13209.0,2011-11-09 13:54:00,8,5891.61,30,2,1,1,Inactive customers
13210.0,2011-09-07 08:18:00,1,353.48,94,4,4,4,High-value customers
13211.0,2011-11-29 14:43:00,3,1197.42,10,1,2,2,At-risk customers
13212.0,2011-11-20 12:40:00,3,788.08,20,2,2,3,At-risk customers
13213.0,2011-10-14 11:42:00,5,1520.58,57,3,2,2,Inactive customers
13216.0,2011-03-17 12:18:00,1,333.74,268,5,4,4,High-value customers
13217.0,2011-08-09 15:32:00,3,533.98,122,4,2,3,New customers
13218.0,2011-08-04 16:59:00,1,62.63999999999999,127,4,4,5,High-value customers
13220.0,2011-09-22 13:38:00,4,819.2900000000001,78,4,2,3,New customers
13221.0,2011-04-13 16:58:00,2,847.41,240,5,3,3,Regular customers
13223.0,2011-05-23 13:03:00,2,163.20000000000002,200,5,3,5,Regular customers
13224.0,2011-10-10 14:55:00,2,2155.95,60,3,3,1,Inactive customers
13225.0,2011-12-06 13:29:00,7,6463.84,3,1,1,1,Inactive customers
13226.0,2011-03-11 14:35:00,1,108.21000000000001,273,5,4,5,High-value customers
13227.0,2011-05-22 11:47:00,1,257.7,202,5,4,4,High-value customers
13228.0,2011-09-19 14:28:00,1,358.0,81,4,4,4,High-value customers
13229.0,2011-04-28 12:07:00,1,160.95,226,5,4,5,High-value customers
13230.0,2011-12-05 16:03:00,14,2806.97,4,1,1,1,Inactive customers
13232.0,2011-11-27 10:39:00,7,1357.6,13,1,1,2,Inactive customers
13233.0,2011-09-26 13:25:00,2,605.12,74,4,3,3,Regular customers
13235.0,2011-05-11 17:13:00,1,1031.07,212,5,4,2,Loyal customers
13236.0,2011-11-15 12:50:00,2,744.85,25,2,3,3,Regular customers
13238.0,2011-11-22 15:37:00,4,700.73,17,2,2,3,At-risk customers
13239.0,2011-03-23 10:25:00,1,329.56,262,5,4,4,High-value customers
13240.0,2011-09-04 14:08:00,4,663.65,96,4,2,3,New customers
13242.0,2011-08-19 12:53:00,3,270.40000000000003,112,4,2,4,New customers
13243.0,2011-05-20 13:14:00,1,600.07,203,5,4,3,Loyal customers
13244.0,2011-09-08 11:46:00,1,121.74000000000001,93,4,4,5,High-value customers
13245.0,2011-10-20 11:40:00,1,430.5,51,3,4,4,Regular customers
13246.0,2011-11-21 16:50:00,6,1987.3,18,2,1,2,Inactive customers
13247.0,2011-11-22 10:59:00,4,501.12,18,2,2,3,At-risk customers
13248.0,2011-08-07 12:40:00,2,465.68,125,4,3,4,Regular customers
13249.0,2011-09-08 13:26:00,3,711.41,92,4,2,3,New customers
13253.0,2011-07-06 10:09:00,2,1030.4,157,4,3,2,Inactive customers
13255.0,2011-11-30 13:14:00,2,399.51,9,1,3,4,Regular customers
13258.0,2011-11-28 09:31:00,3,698.58,12,1,2,3,At-risk customers
13259.0,2011-10-09 10:48:00,1,292.32,62,3,4,4,Regular customers
13260.0,2011-10-09 13:21:00,1,557.62,61,3,4,3,Regular customers
13261.0,2011-03-16 12:22:00,2,944.1,269,5,3,2,Inactive customers
13262.0,2011-03-21 15:06:00,1,200.29,263,5,4,5,High-value customers
13263.0,2011-12-08 13:59:00,35,7454.07,1,1,1,1,Inactive customers
13265.0,2011-10-17 15:02:00,5,2107.66,53,3,2,1,Inactive customers
13266.0,2011-11-28 14:39:00,12,3834.2599999999998,11,1,1,1,Inactive customers
13267.0,2011-12-07 11:12:00,19,4521.49,3,1,1,1,Inactive customers
13268.0,2011-11-22 11:51:00,11,3214.69,18,2,1,1,Inactive customers
13269.0,2011-12-08 14:53:00,15,5346.2300000000005,1,1,1,1,Inactive customers
13270.0,2010-12-08 14:53:00,1,590.0,366,5,4,3,Loyal customers
13271.0,2011-11-02 14:31:00,1,217.38,37,3,4,5,Regular customers
13272.0,2011-11-08 14:00:00,2,276.56,31,2,3,4,Regular customers
13273.0,2011-08-18 14:02:00,1,138.98,113,4,4,5,High-value customers
13276.0,2011-10-07 12:44:00,2,590.9300000000001,64,3,3,3,Regular customers
13277.0,2011-11-24 09:21:00,4,258.4,16,2,2,4,At-risk customers
13278.0,2011-10-30 11:49:00,1,542.73,41,3,4,3,Regular customers
13279.0,2011-09-22 17:24:00,1,137.75,78,4,4,5,High-value customers
13280.0,2011-08-09 13:14:00,3,814.86,122,4,2,3,New customers
13282.0,2011-11-21 15:33:00,3,1132.14,18,2,2,2,At-risk customers
13283.0,2011-10-11 09:50:00,2,93.66,60,3,3,5,Regular customers
13284.0,2011-01-13 09:23:00,1,201.19,331,5,4,5,High-value customers
13285.0,2011-11-16 13:19:00,4,2709.12,23,2,2,1,At-risk customers
13291.0,2011-07-07 10:36:00,1,361.11,156,4,4,4,High-value customers
13292.0,2011-11-01 10:04:00,2,578.9399999999999,39,3,3,3,Regular customers
13294.0,2011-06-03 08:54:00,2,873.74,190,5,3,3,Regular customers
13295.0,2010-12-15 11:21:00,1,201.20000000000002,360,5,4,5,High-value customers
13296.0,2011-07-25 13:46:00,1,87.4,137,4,4,5,High-value customers
13297.0,2011-12-02 09:32:00,4,2089.85,8,1,2,1,At-risk customers
13298.0,2011-12-08 13:11:00,1,360.0,1,1,4,4,Regular customers
13299.0,2011-03-16 12:55:00,1,142.5,268,5,4,5,High-value customers
13300.0,2011-06-23 13:09:00,1,371.89,169,4,4,4,High-value customers
13301.0,2011-08-28 11:25:00,4,618.09,104,4,2,3,New customers
13302.0,2011-07-07 17:56:00,1,63.75,155,4,4,5,High-value customers
13304.0,2010-12-23 14:35:00,1,300.42,351,5,4,4,High-value customers
13305.0,2011-12-05 15:15:00,10,2000.86,4,1,1,2,Inactive customers
13307.0,2011-08-11 17:14:00,1,15.0,120,4,4,5,High-value customers
13308.0,2011-11-17 09:31:00,3,1385.51,23,2,2,2,At-risk customers
13309.0,2011-12-02 16:34:00,5,1456.79,7,1,2,2,At-risk customers
13310.0,2011-11-11 17:23:00,3,1132.03,28,2,2,2,At-risk customers
13311.0,2011-12-05 12:55:00,2,598.57,4,1,3,3,Regular customers
13313.0,2011-11-17 16:48:00,5,1555.32,22,2,2,2,At-risk customers
13314.0,2011-12-08 12:29:00,3,775.94,2,1,2,3,At-risk customers
13316.0,2011-11-02 13:40:00,4,5977.7300000000005,37,3,2,1,Inactive customers
13317.0,2011-10-04 13:35:00,6,2273.68,66,3,1,1,Inactive customers
13318.0,2011-12-08 18:51:00,3,640.76,1,1,2,3,At-risk customers
13319.0,2011-12-04 13:34:00,26,10845.550000000001,5,1,1,1,Inactive customers
13320.0,2011-09-22 18:07:00,4,1548.7,78,4,2,2,New customers
13321.0,2011-09-28 15:24:00,2,567.36,72,4,3,3,Regular customers
13322.0,2011-11-22 14:21:00,1,199.48000000000002,17,2,4,5,Regular customers
13323.0,2011-12-06 17:12:00,5,787.85,3,1,2,3,At-risk customers
13324.0,2011-11-03 16:28:00,10,7121.95,36,3,1,1,Inactive customers
13325.0,2011-09-19 10:36:00,1,675.3,82,4,4,3,Loyal customers
13327.0,2011-11-01 10:21:00,8,3627.77,39,3,1,1,Inactive customers
13328.0,2011-01-27 15:22:00,1,1308.48,316,5,4,2,Loyal customers
13329.0,2011-11-08 10:29:00,2,789.0,32,2,3,3,Regular customers
13330.0,2011-09-08 12:27:00,3,1140.93,93,4,2,2,New customers
13332.0,2011-11-25 13:30:00,1,350.9,14,2,4,4,Regular customers
13334.0,2011-09-18 15:21:00,3,3536.82,82,4,2,1,New customers
13336.0,2011-09-23 14:05:00,1,795.12,77,4,4,3,Loyal customers
13338.0,2011-07-05 09:06:00,1,487.02,158,4,4,4,High-value customers
13339.0,2011-05-23 08:31:00,1,860.12,201,5,4,3,Loyal customers
13340.0,2011-10-25 13:15:00,7,10736.48,45,3,1,1,Inactive customers
13341.0,2011-03-24 09:50:00,1,775.85,261,5,4,3,Loyal customers
13343.0,2011-06-15 12:24:00,1,353.43,178,4,4,4,High-value customers
13344.0,2011-10-03 09:45:00,3,2543.72,68,3,2,1,Inactive customers
13345.0,2011-02-25 09:01:00,1,389.5,288,5,4,4,High-value customers
13347.0,2011-09-30 13:28:00,1,341.36,70,3,4,4,Regular customers
13348.0,2011-10-06 17:28:00,1,233.76,64,3,4,5,Regular customers
13349.0,2011-11-29 08:07:00,1,247.32,11,1,4,5,Regular customers
13350.0,2011-11-23 16:33:00,2,979.12,16,2,3,2,At-risk customers
13351.0,2011-10-04 12:55:00,1,373.94,66,3,4,4,Regular customers
13352.0,2011-10-10 13:55:00,1,397.97999999999996,60,3,4,4,Regular customers
13354.0,2011-09-29 13:17:00,1,743.53,71,3,4,3,Regular customers
13355.0,2011-08-09 14:48:00,1,674.7,122,4,4,3,Loyal customers
13356.0,2011-09-20 14:33:00,1,768.24,80,4,4,3,Loyal customers
13357.0,2011-03-27 13:56:00,1,609.95,257,5,4,3,Loyal customers
13358.0,2011-03-16 11:52:00,1,439.03,269,5,4,4,High-value customers
13359.0,2011-10-07 09:30:00,1,439.56,64,3,4,4,Regular customers
13362.0,2011-11-30 14:41:00,4,3090.7400000000002,9,1,2,1,At-risk customers
13363.0,2011-11-22 12:40:00,2,992.5,18,2,3,2,At-risk customers
13364.0,2011-09-29 18:13:00,1,134.95999999999998,71,3,4,5,Regular customers
13365.0,2011-11-06 12:36:00,2,2225.37,34,3,3,1,Inactive customers
13366.0,2011-10-20 13:37:00,1,56.160000000000004,50,3,4,5,Regular customers
13368.0,2011-03-28 09:59:00,2,623.4,257,5,3,3,Regular customers
13369.0,2010-12-09 11:30:00,1,308.28000000000003,366,5,4,4,High-value customers
13370.0,2010-12-03 10:26:00,1,754.87,372,5,4,3,Loyal customers
13372.0,2011-09-11 12:46:00,1,378.64,90,4,4,4,High-value customers
13373.0,2011-10-10 10:51:00,3,3312.25,61,3,2,1,Inactive customers
13375.0,2011-09-12 10:19:00,1,778.65,89,4,4,3,Loyal customers
13376.0,2011-09-01 16:16:00,3,1019.76,99,4,2,2,New customers
13379.0,2011-11-13 13:45:00,3,572.56,26,2,2,3,At-risk customers
13381.0,2011-11-08 11:58:00,6,3639.31,32,2,1,1,Inactive customers
13382.0,2011-03-04 10:03:00,1,222.99,281,5,4,5,High-value customers
13384.0,2011-11-09 11:04:00,7,4151.93,31,2,1,1,Inactive customers
13385.0,2011-01-14 09:52:00,1,534.57,330,5,4,3,Loyal customers
13388.0,2011-07-31 12:52:00,2,677.1,131,4,3,3,Regular customers
13389.0,2011-11-28 14:01:00,3,797.96,11,1,2,3,At-risk customers
13390.0,2011-09-26 08:38:00,1,544.08,75,4,4,3,Loyal customers
13391.0,2011-05-20 10:50:00,1,59.8,204,5,4,5,High-value customers
13394.0,2011-12-08 11:36:00,8,2520.02,2,1,1,1,Inactive customers
13395.0,2011-06-07 15:04:00,1,307.72,185,5,4,4,High-value customers
13396.0,2011-11-10 16:59:00,2,1360.99,29,2,3,2,At-risk customers
13397.0,2011-09-28 10:56:00,5,1544.13,73,4,2,2,New customers
13398.0,2011-05-31 13:17:00,1,457.34,192,5,4,4,High-value customers
13402.0,2011-08-04 15:51:00,2,621.23,127,4,3,3,Regular customers
13403.0,2011-11-22 08:28:00,1,75.0,18,2,4,5,Regular customers
13404.0,2011-12-08 15:37:00,2,252.49,1,1,3,4,Regular customers
13405.0,2011-09-26 17:01:00,3,572.451,74,4,2,3,New customers
13408.0,2011-12-08 09:05:00,62,28117.04,2,1,1,1,Inactive customers
13410.0,2011-11-15 15:33:00,5,1003.06,24,2,2,2,At-risk customers
13411.0,2011-08-24 13:57:00,1,213.55,107,4,4,5,High-value customers
13414.0,2011-07-29 11:45:00,3,1390.5,134,4,2,2,New customers
13416.0,2011-10-27 08:56:00,2,712.5,44,3,3,3,Regular customers
13417.0,2011-12-05 08:49:00,2,640.83,5,1,3,3,Regular customers
13418.0,2011-11-28 10:23:00,18,6127.43,12,1,1,1,Inactive customers
13419.0,2011-10-07 12:49:00,1,221.06,64,3,4,5,Regular customers
13420.0,2011-07-13 08:48:00,2,159.85,150,4,3,5,Regular customers
13421.0,2011-10-30 14:21:00,2,1851.08,40,3,3,2,Inactive customers
13422.0,2011-10-06 13:42:00,1,2626.3,64,3,4,1,Inactive customers
13425.0,2011-08-23 17:13:00,3,1624.21,108,4,2,2,New customers
13426.0,2011-12-09 08:59:00,10,3641.32,1,1,1,1,Inactive customers
13427.0,2011-11-20 13:02:00,3,582.6,19,2,2,3,At-risk customers
13428.0,2011-11-29 14:20:00,1,218.47,10,1,4,5,Regular customers
13429.0,2011-11-29 09:10:00,4,1006.8,11,1,2,2,At-risk customers
13430.0,2011-11-21 08:19:00,2,679.45,19,2,3,3,Regular customers
13431.0,2011-10-03 13:49:00,2,1269.1,67,3,3,2,Inactive customers
13434.0,2011-09-26 14:30:00,2,534.24,74,4,3,3,Regular customers
13435.0,2011-12-04 14:45:00,7,3809.8900000000003,5,1,1,1,Inactive customers
13436.0,2011-12-08 10:33:00,1,196.89,2,1,4,5,Regular customers
13437.0,2011-11-25 14:00:00,7,3408.06,14,2,1,1,Inactive customers
13439.0,2011-03-29 14:20:00,1,283.71,255,5,4,4,High-value customers
13441.0,2011-09-09 09:38:00,1,296.64,92,4,4,4,High-value customers
13447.0,2011-11-16 13:38:00,3,1129.14,23,2,2,2,At-risk customers
13448.0,2011-11-23 12:33:00,6,3539.37,17,2,1,1,Inactive customers
13449.0,2011-11-16 08:28:00,1,291.88,24,2,4,4,Regular customers
13450.0,2011-11-13 11:54:00,6,2043.7199999999998,27,2,1,2,Inactive customers
13451.0,2011-11-13 15:58:00,5,2976.15,26,2,2,1,At-risk customers
13452.0,2011-03-25 14:19:00,2,590.0,259,5,3,3,Regular customers
13453.0,2011-06-27 09:34:00,2,356.97999999999996,166,4,3,4,Regular customers
13455.0,2011-11-15 11:21:00,2,1058.34,25,2,3,2,At-risk customers
13456.0,2011-11-22 09:18:00,6,1766.72,18,2,1,2,Inactive customers
13458.0,2011-12-02 15:29:00,14,9646.57,7,1,1,1,Inactive customers
13460.0,2011-11-10 17:17:00,2,183.44,29,2,3,5,Regular customers
13461.0,2011-11-01 09:01:00,3,1445.0,39,3,2,2,Inactive customers
13462.0,2011-04-01 11:20:00,1,151.5,253,5,4,5,High-value customers
13464.0,2011-10-12 15:01:00,1,674.68,58,3,4,3,Regular customers
13466.0,2011-06-08 16:39:00,1,307.9,184,5,4,4,High-value customers
13467.0,2011-11-29 10:01:00,2,1083.71,11,1,3,2,At-risk customers
13468.0,2011-12-08 10:39:00,37,5704.97,2,1,1,1,Inactive customers
13470.0,2011-09-01 14:57:00,2,165.0,99,4,3,5,Regular customers
13471.0,2011-12-08 15:44:00,4,2531.58,1,1,2,1,At-risk customers
13473.0,2011-10-10 11:20:00,2,422.64,61,3,3,4,Regular customers
13474.0,2011-04-17 13:53:00,1,229.59,236,5,4,5,High-value customers
13475.0,2011-06-01 13:52:00,4,1431.78,191,5,2,2,New customers
13476.0,2011-06-14 12:00:00,2,1238.47,179,4,3,2,Inactive customers
13477.0,2011-11-02 12:04:00,6,1454.58,38,3,1,2,Inactive customers
13479.0,2011-05-23 10:45:00,2,300.95,201,5,3,4,Regular customers
13481.0,2011-10-25 09:07:00,5,1804.56,46,3,2,2,Inactive customers
13482.0,2011-04-21 17:03:00,1,184.64,232,5,4,5,High-value customers
13483.0,2011-10-05 11:53:00,1,140.34,66,3,4,5,Regular customers
13484.0,2011-04-12 16:30:00,1,313.8,241,5,4,4,High-value customers
13485.0,2011-04-20 13:58:00,1,454.24,233,5,4,4,High-value customers
13486.0,2011-09-22 13:13:00,3,1122.41,78,4,2,2,New customers
13487.0,2011-10-13 12:07:00,3,575.4,58,3,2,3,Inactive customers
13488.0,2011-11-22 14:41:00,13,8968.31,17,2,1,1,Inactive customers
13489.0,2011-08-26 13:16:00,4,449.52,105,4,2,4,New customers
13491.0,2011-10-19 08:32:00,10,1215.82,52,3,1,2,Inactive customers
13492.0,2011-07-26 14:25:00,3,1269.84,136,4,2,2,New customers
13493.0,2011-03-09 15:35:00,2,618.63,275,5,3,3,Regular customers
13494.0,2011-02-01 11:58:00,1,316.26000000000005,312,5,4,4,High-value customers
13495.0,2011-12-02 11:21:00,5,2044.8700000000001,8,1,2,2,At-risk customers
13496.0,2011-11-29 10:58:00,2,653.33,11,1,3,3,Regular customers
13497.0,2011-03-02 09:04:00,2,348.05,283,5,3,4,Regular customers
13499.0,2011-11-22 11:21:00,5,1159.11,18,2,2,2,At-risk customers
13500.0,2011-11-16 15:35:00,3,1166.77,23,2,2,2,At-risk customers
13501.0,2011-02-24 18:59:00,1,1340.32,288,5,4,2,Loyal customers
13502.0,2011-11-23 10:39:00,3,292.0,17,2,2,4,At-risk customers
13503.0,2011-09-29 13:23:00,1,216.85,71,3,4,5,Regular customers
13504.0,2011-10-06 13:20:00,1,295.93,64,3,4,4,Regular customers
13505.0,2011-09-28 11:56:00,4,4393.63,73,4,2,1,New customers
13506.0,2011-01-27 13:53:00,2,458.52,316,5,3,4,Regular customers
13507.0,2011-12-06 13:13:00,4,2479.16,3,1,2,1,At-risk customers
13508.0,2011-04-10 11:58:00,1,110.97,244,5,4,5,High-value customers
13509.0,2011-12-01 10:10:00,7,979.72,9,1,1,2,Inactive customers
13510.0,2011-12-08 13:46:00,4,1791.56,1,1,2,2,At-risk customers
13512.0,2011-03-24 10:03:00,1,251.21,261,5,4,4,High-value customers
13513.0,2011-08-05 11:50:00,1,205.1,127,4,4,5,High-value customers
13514.0,2011-09-27 09:39:00,1,152.20000000000002,74,4,4,5,High-value customers
13515.0,2011-09-28 11:26:00,4,891.12,73,4,2,3,New customers
13516.0,2011-11-18 13:15:00,3,1389.41,21,2,2,2,At-risk customers
13517.0,2011-10-11 11:43:00,3,2128.42,60,3,2,1,Inactive customers
13518.0,2011-09-15 10:29:00,1,659.4399999999999,86,4,4,3,Loyal customers
13519.0,2011-09-22 18:24:00,1,122.75,78,4,4,5,High-value customers
13520.0,2011-10-12 10:20:00,6,3624.35,59,3,1,1,Inactive customers
13521.0,2011-12-08 13:50:00,3,1093.65,1,1,2,2,At-risk customers
13522.0,2011-11-09 15:11:00,1,125.80000000000001,30,2,4,5,Regular customers
13523.0,2011-11-06 15:11:00,5,3964.88,33,3,2,1,Inactive customers
13524.0,2011-10-30 12:34:00,5,680.1800000000001,41,3,2,3,Inactive customers
13525.0,2011-11-25 12:01:00,2,628.78,15,2,3,3,Regular customers
13527.0,2011-11-06 12:04:00,7,2287.51,34,3,1,1,Inactive customers
13529.0,2011-09-22 09:15:00,2,307.76,79,4,3,4,Regular customers
13531.0,2011-05-18 16:56:00,2,483.8,205,5,3,4,Regular customers
13532.0,2011-11-06 12:25:00,1,210.31,34,3,4,5,Regular customers
13533.0,2011-06-10 11:54:00,3,270.79,183,5,2,4,New customers
13534.0,2011-12-07 14:52:00,25,5870.08,2,1,1,1,Inactive customers
13536.0,2011-12-08 16:38:00,7,3448.29,1,1,1,1,Inactive customers
13538.0,2011-10-27 16:34:00,7,1280.85,43,3,1,2,Inactive customers
13539.0,2011-09-15 10:18:00,3,631.34,86,4,2,3,New customers
13544.0,2011-10-31 11:57:00,2,291.41,40,3,3,4,Regular customers
13546.0,2011-11-27 14:50:00,3,626.99,12,1,2,3,At-risk customers
13548.0,2011-09-04 14:50:00,2,682.41,96,4,3,3,Regular customers
13549.0,2011-11-14 09:20:00,7,918.2,26,2,1,3,Inactive customers
13551.0,2011-01-24 14:46:00,1,91.80000000000001,319,5,4,5,High-value customers
13552.0,2011-10-04 15:19:00,12,3740.07,66,3,1,1,Inactive customers
13555.0,2011-09-27 12:36:00,4,4149.28,74,4,2,1,New customers
13557.0,2011-11-11 15:24:00,2,584.06,28,2,3,3,Regular customers
13558.0,2011-12-04 11:24:00,4,605.06,6,1,2,3,At-risk customers
13560.0,2011-12-02 13:11:00,1,174.37,7,1,4,5,Regular customers
13561.0,2011-05-08 12:39:00,1,141.85999999999999,216,5,4,5,High-value customers
13562.0,2011-09-19 10:51:00,3,1799.33,82,4,2,2,New customers
13563.0,2011-09-16 14:45:00,2,777.53,84,4,3,3,Regular customers
13564.0,2011-07-18 14:33:00,3,1749.02,144,4,2,2,New customers
13565.0,2011-11-20 14:33:00,2,240.22,19,2,3,5,Regular customers
13566.0,2011-10-30 11:59:00,2,874.71,41,3,3,3,Regular customers
13568.0,2011-06-19 14:42:00,1,192.85,173,4,4,5,High-value customers
13569.0,2011-11-22 13:07:00,2,373.75,17,2,3,4,Regular customers
13570.0,2011-04-10 13:36:00,1,239.49,243,5,4,5,High-value customers
13571.0,2011-11-27 10:47:00,12,2092.32,13,1,1,1,Inactive customers
13572.0,2011-05-18 11:59:00,1,1384.25,206,5,4,2,Loyal customers
13573.0,2011-10-20 14:33:00,2,294.4,50,3,3,4,Regular customers
13575.0,2011-11-16 13:14:00,5,732.0699999999999,23,2,2,3,At-risk customers
13576.0,2011-11-29 15:34:00,18,6717.34,10,1,1,1,Inactive customers
13577.0,2011-11-14 15:19:00,4,1687.6000000000001,25,2,2,2,At-risk customers
13579.0,2011-11-25 08:41:00,2,467.04,15,2,3,4,Regular customers
13581.0,2011-02-03 14:41:00,1,118.0,309,5,4,5,High-value customers
13583.0,2011-07-07 10:40:00,1,781.03,156,4,4,3,Loyal customers
13584.0,2011-02-06 12:49:00,1,142.4,307,5,4,5,High-value customers
13587.0,2011-10-07 12:31:00,1,712.4,64,3,4,3,Regular customers
13588.0,2011-11-24 10:42:00,9,2478.95,16,2,1,1,Inactive customers
13589.0,2011-11-25 12:10:00,2,379.65,15,2,3,4,Regular customers
13590.0,2011-11-28 12:54:00,6,1981.92,11,1,1,2,Inactive customers
13591.0,2011-10-06 12:26:00,3,1117.13,65,3,2,2,Inactive customers
13592.0,2011-11-04 09:49:00,4,247.95999999999998,36,3,2,5,Inactive customers
13593.0,2011-08-23 13:35:00,5,2037.0800000000002,108,4,2,2,New customers
13594.0,2011-10-18 10:19:00,1,396.97,53,3,4,4,Regular customers
13596.0,2011-12-04 12:01:00,2,697.04,6,1,3,3,Regular customers
13598.0,2011-10-23 14:28:00,1,180.17000000000002,47,3,4,5,Regular customers
13599.0,2011-12-08 16:10:00,21,5153.67,1,1,1,1,Inactive customers
13600.0,2011-01-31 15:27:00,1,219.52,312,5,4,5,High-value customers
13601.0,2011-10-25 17:31:00,2,693.32,45,3,3,3,Regular customers
13602.0,2011-10-06 11:47:00,1,428.89,65,3,4,4,Regular customers
13603.0,2011-11-13 15:57:00,1,164.34,26,2,4,5,Regular customers
13606.0,2011-11-10 17:46:00,3,280.53999999999996,29,2,2,4,At-risk customers
13607.0,2011-10-30 16:17:00,1,678.01,40,3,4,3,Regular customers
13610.0,2011-11-27 15:38:00,7,1131.88,12,1,1,2,Inactive customers
13611.0,2011-09-11 14:51:00,3,1171.8,89,4,2,2,New customers
13614.0,2011-11-15 14:47:00,4,1610.46,24,2,2,2,At-risk customers
13615.0,2011-01-25 08:21:00,1,417.69,319,5,4,4,High-value customers
13617.0,2011-10-30 13:50:00,3,544.18,40,3,2,3,Inactive customers
13618.0,2011-06-19 11:09:00,1,177.34,174,4,4,5,High-value customers
13621.0,2011-08-15 08:26:00,1,213.85,117,4,4,5,High-value customers
13623.0,2011-11-09 12:00:00,5,747.78,31,2,2,3,At-risk customers
13626.0,2011-04-01 10:05:00,1,257.23,253,5,4,4,High-value customers
13627.0,2011-10-11 14:20:00,5,1638.47,59,3,2,2,Inactive customers
13629.0,2011-11-16 13:21:00,11,7792.36,23,2,1,1,Inactive customers
13630.0,2011-12-04 15:16:00,7,2031.78,5,1,1,2,Inactive customers
13631.0,2011-09-01 09:57:00,11,3070.42,100,4,1,1,New customers
13632.0,2011-11-15 10:51:00,5,2121.27,25,2,2,1,At-risk customers
13634.0,2011-11-06 13:40:00,5,1575.16,33,3,2,2,Inactive customers
13635.0,2011-10-03 10:55:00,1,1071.03,68,3,4,2,Inactive customers
13636.0,2011-11-03 10:30:00,5,949.12,37,3,2,2,Inactive customers
13637.0,2011-10-18 13:32:00,3,810.5,52,3,2,3,Inactive customers
13638.0,2011-11-24 10:38:00,1,122.64,16,2,4,5,Regular customers
13639.0,2011-09-26 13:36:00,1,1033.34,74,4,4,2,Loyal customers
13642.0,2011-05-08 12:34:00,1,354.8,216,5,4,4,High-value customers
13643.0,2011-11-08 15:37:00,3,519.44,31,2,2,3,At-risk customers
13644.0,2011-11-23 14:07:00,4,2624.26,16,2,2,1,At-risk customers
13645.0,2011-08-11 16:11:00,1,252.1,120,4,4,4,High-value customers
13647.0,2011-11-30 12:00:00,4,1678.1200000000001,10,1,2,2,At-risk customers
13649.0,2011-03-28 11:51:00,2,346.6,257,5,3,4,Regular customers
13650.0,2011-11-23 12:22:00,6,1836.34,17,2,1,2,Inactive customers
13651.0,2011-11-04 14:59:00,2,94.2,35,3,3,5,Regular customers
13652.0,2011-10-25 08:51:00,3,1095.08,46,3,2,2,Inactive customers
13654.0,2011-10-27 16:24:00,6,2707.33,43,3,1,1,Inactive customers
13655.0,2011-08-17 14:25:00,2,932.97,114,4,3,3,Regular customers
13656.0,2011-06-28 10:31:00,2,379.65,165,4,3,4,Regular customers
13657.0,2011-11-29 12:32:00,2,382.14,11,1,3,4,Regular customers
13658.0,2011-11-30 10:13:00,5,2639.17,10,1,2,1,At-risk customers
13659.0,2011-05-18 12:37:00,2,1573.2,206,5,3,2,Inactive customers
13662.0,2011-09-15 12:04:00,3,897.76,86,4,2,3,New customers
13663.0,2011-06-13 15:44:00,1,189.47,179,5,4,5,High-value customers
13666.0,2011-10-10 15:39:00,3,84.65,60,3,2,5,Inactive customers
13667.0,2011-07-13 15:42:00,1,305.02,149,4,4,4,High-value customers
13668.0,2011-12-07 12:11:00,21,6363.59,3,1,1,1,Inactive customers
13669.0,2011-10-20 09:32:00,2,218.55,51,3,3,5,Regular customers
13670.0,2011-09-25 15:25:00,1,349.7,75,4,4,4,High-value customers
13672.0,2011-02-11 13:53:00,2,186.39000000000001,301,5,3,5,Regular customers
13673.0,2011-11-21 12:11:00,2,396.92,19,2,3,4,Regular customers
13675.0,2011-07-11 12:57:00,2,486.82000000000005,151,4,3,4,Regular customers
13678.0,2011-07-11 10:14:00,1,232.6,152,4,4,5,High-value customers
13680.0,2011-12-08 13:47:00,4,3722.42,1,1,2,1,At-risk customers
13681.0,2011-11-22 11:13:00,4,827.83,18,2,2,3,At-risk customers
13682.0,2011-06-05 14:06:00,1,59.5,187,5,4,5,High-value customers
13684.0,2011-02-27 10:13:00,1,67.23,286,5,4,5,High-value customers
13685.0,2011-12-07 11:41:00,7,3119.44,3,1,1,1,Inactive customers
13686.0,2011-06-10 09:10:00,1,72.0,183,5,4,5,High-value customers
13689.0,2011-10-07 13:21:00,1,910.0,63,3,4,3,Regular customers
13690.0,2011-10-11 15:03:00,1,172.25,59,3,4,5,Regular customers
13692.0,2011-11-15 11:17:00,3,1488.32,25,2,2,2,At-risk customers
13694.0,2011-12-06 09:32:00,50,65039.62,4,1,1,1,Inactive customers
13695.0,2011-11-08 14:26:00,15,2504.13,31,2,1,1,Inactive customers
13697.0,2011-11-01 09:14:00,1,151.29999999999998,39,3,4,5,Regular customers
13699.0,2011-07-07 16:51:00,1,308.58000000000004,155,4,4,4,High-value customers
13700.0,2011-11-13 13:00:00,10,2265.12,26,2,1,1,Inactive customers
13703.0,2011-01-25 13:10:00,1,99.5,318,5,4,5,High-value customers
13704.0,2011-12-04 15:13:00,9,2308.06,5,1,1,1,Inactive customers
13705.0,2011-12-02 12:32:00,3,711.86,8,1,2,3,At-risk customers
13706.0,2011-02-10 09:21:00,1,330.79,303,5,4,4,High-value customers
13707.0,2011-03-17 18:03:00,2,806.41,267,5,3,3,Regular customers
13708.0,2011-03-13 13:46:00,1,296.88,271,5,4,4,High-value customers
13709.0,2011-12-06 10:28:00,13,6328.05,4,1,1,1,Inactive customers
13710.0,2011-11-08 08:16:00,1,180.48,32,2,4,5,Regular customers
13711.0,2011-05-05 10:31:00,2,252.06,219,5,3,4,Regular customers
13712.0,2011-04-07 12:33:00,1,228.84,247,5,4,5,High-value customers
13715.0,2011-03-03 19:21:00,5,1079.34,281,5,2,2,New customers
13716.0,2011-03-15 13:49:00,1,138.28,269,5,4,5,High-value customers
13717.0,2011-11-07 14:13:00,6,1445.01,32,2,1,2,Inactive customers
13718.0,2011-04-07 13:24:00,2,306.55,246,5,3,4,Regular customers
13719.0,2011-11-24 15:26:00,5,1041.68,15,2,2,2,At-risk customers
13720.0,2011-08-15 12:46:00,4,799.9,117,4,2,3,New customers
13721.0,2011-11-03 14:05:00,1,524.14,36,3,4,3,Regular customers
13722.0,2011-07-31 12:44:00,3,2375.41,132,4,2,1,New customers
13723.0,2011-05-06 17:04:00,1,199.85000000000002,217,5,4,5,High-value customers
13725.0,2011-10-21 10:03:00,8,1980.56,50,3,1,2,Inactive customers
13726.0,2011-11-01 10:49:00,2,1079.6599999999999,39,3,3,2,Inactive customers
13727.0,2011-11-11 09:46:00,2,333.48,29,2,3,4,Regular customers
13728.0,2011-11-03 10:49:00,6,1016.14,37,3,1,2,Inactive customers
13730.0,2011-07-27 08:35:00,2,752.6,136,4,3,3,Regular customers
13731.0,2011-05-04 14:33:00,2,610.59,219,5,3,3,Regular customers
13732.0,2011-11-11 15:49:00,1,491.86,28,2,4,3,Regular customers
13735.0,2011-11-15 11:14:00,4,2885.2400000000002,25,2,2,1,At-risk customers
13736.0,2011-12-04 15:19:00,2,731.9,5,1,3,3,Regular customers
13737.0,2011-05-23 16:32:00,1,339.59999999999997,200,5,4,4,High-value customers
13739.0,2011-11-21 13:35:00,1,216.9,18,2,4,5,Regular customers
13740.0,2011-04-13 10:32:00,1,350.75,241,5,4,4,High-value customers
13741.0,2011-09-29 09:19:00,3,668.4300000000001,72,4,2,3,New customers
13742.0,2011-11-23 11:07:00,12,3131.02,17,2,1,1,Inactive customers
13743.0,2011-12-07 10:09:00,7,1341.6,3,1,1,2,Inactive customers
13744.0,2011-09-05 15:19:00,2,1156.36,95,4,3,2,Inactive customers
13745.0,2011-06-30 16:43:00,1,300.04,162,4,4,4,High-value customers
13747.0,2010-12-01 10:37:00,1,79.6,374,5,4,5,High-value customers
13748.0,2011-09-05 09:45:00,5,948.25,96,4,2,2,New customers
13750.0,2011-10-17 12:16:00,5,1647.26,54,3,2,2,Inactive customers
13751.0,2011-02-24 15:56:00,1,296.25,288,5,4,4,High-value customers
13752.0,2011-08-07 14:16:00,6,1186.28,124,4,1,2,New customers
13753.0,2011-02-25 12:48:00,1,741.26,288,5,4,3,Loyal customers
13754.0,2011-07-11 11:51:00,2,282.59999999999997,152,4,3,4,Regular customers
13755.0,2011-12-06 12:26:00,9,2161.35,4,1,1,1,Inactive customers
13756.0,2011-12-07 16:44:00,14,5189.52,2,1,1,1,Inactive customers
13758.0,2011-11-28 11:11:00,7,3190.55,12,1,1,1,Inactive customers
13759.0,2011-11-06 14:47:00,2,659.4100000000001,33,3,3,3,Regular customers
13760.0,2011-10-16 16:13:00,2,286.79,54,3,3,4,Regular customers
13761.0,2011-10-20 14:01:00,2,1070.65,50,3,3,2,Inactive customers
13762.0,2011-05-05 09:15:00,1,306.72,219,5,4,4,High-value customers
13763.0,2011-10-07 15:13:00,1,1714.96,63,3,4,2,Inactive customers
13764.0,2011-09-30 12:03:00,3,1521.76,71,3,2,2,Inactive customers
13767.0,2011-12-07 15:00:00,37,17220.36,2,1,1,1,Inactive customers
13769.0,2011-12-07 15:08:00,10,2796.51,2,1,1,1,Inactive customers
13771.0,2011-10-06 14:18:00,4,2634.45,64,3,2,1,Inactive customers
13772.0,2011-11-06 11:43:00,3,1132.13,34,3,2,2,Inactive customers
13774.0,2011-09-19 12:06:00,1,345.0,82,4,4,4,High-value customers
13777.0,2011-12-09 12:25:00,33,25977.16,1,1,1,1,Inactive customers
13778.0,2011-08-28 15:25:00,1,178.7,103,4,4,5,High-value customers
13780.0,2011-12-02 13:49:00,2,360.01,7,1,3,4,Regular customers
13781.0,2011-04-03 12:08:00,1,127.84,251,5,4,5,High-value customers
13782.0,2011-11-27 11:54:00,6,912.0,13,1,1,3,Inactive customers
13784.0,2011-11-30 09:33:00,11,2462.79,10,1,1,1,Inactive customers
13786.0,2010-12-07 13:53:00,1,230.39999999999998,367,5,4,5,High-value customers
13787.0,2011-09-25 12:06:00,2,309.04,76,4,3,4,Regular customers
13790.0,2011-12-05 15:48:00,1,348.8,4,1,4,4,Regular customers
13791.0,2011-08-04 11:44:00,2,1516.0,128,4,3,2,Inactive customers
13792.0,2011-10-04 14:31:00,2,195.55,66,3,3,5,Regular customers
13798.0,2011-12-08 15:51:00,57,37153.85,1,1,1,1,Inactive customers
13799.0,2011-08-15 12:07:00,2,688.86,117,4,3,3,Regular customers
13800.0,2011-02-03 12:27:00,1,558.32,310,5,4,3,Loyal customers
13801.0,2011-10-04 10:15:00,1,324.8,67,3,4,4,Regular customers
13802.0,2011-07-24 10:54:00,3,4599.42,139,4,2,1,New customers
13803.0,2011-03-29 12:57:00,1,277.07,255,5,4,4,High-value customers
13804.0,2011-11-09 12:32:00,7,2635.79,31,2,1,1,Inactive customers
13805.0,2011-10-18 14:50:00,2,924.6,52,3,3,3,Regular customers
13806.0,2011-10-07 11:43:00,1,256.38,64,3,4,4,Regular customers
13807.0,2010-12-07 15:48:00,1,112.6,367,5,4,5,High-value customers
13808.0,2011-12-04 12:18:00,5,1747.66,6,1,2,2,At-risk customers
13809.0,2011-02-07 13:15:00,1,155.05,305,5,4,5,High-value customers
13810.0,2011-11-11 08:33:00,3,1499.01,29,2,2,2,At-risk customers
13811.0,2011-06-09 09:54:00,3,814.5,184,5,2,3,New customers
13812.0,2011-10-28 14:27:00,3,539.0,42,3,2,3,Inactive customers
13813.0,2011-10-31 10:38:00,4,1366.8600000000001,40,3,2,2,Inactive customers
13814.0,2011-09-08 13:48:00,2,1579.12,92,4,3,2,Inactive customers
13815.0,2011-11-17 14:19:00,4,4027.36,22,2,2,1,At-risk customers
13816.0,2011-11-16 08:38:00,2,571.6700000000001,24,2,3,3,Regular customers
13817.0,2011-11-10 17:49:00,2,382.98,29,2,3,4,Regular customers
13819.0,2011-02-11 10:38:00,3,1140.35,302,5,2,2,New customers
13821.0,2011-07-18 09:49:00,2,385.64,145,4,3,4,Regular customers
13822.0,2011-12-04 12:13:00,2,632.0,6,1,3,3,Regular customers
13823.0,2011-11-21 10:22:00,2,957.66,19,2,3,2,At-risk customers
13824.0,2011-11-07 12:41:00,5,1698.94,33,3,2,2,Inactive customers
13826.0,2011-06-16 13:48:00,1,189.5,176,4,4,5,High-value customers
13827.0,2011-10-13 12:38:00,3,412.05,58,3,2,4,Inactive customers
13828.0,2011-11-17 16:02:00,1,209.49,22,2,4,5,Regular customers
13831.0,2011-11-23 15:41:00,6,2202.99,16,2,1,1,Inactive customers
13832.0,2011-11-20 15:36:00,1,52.199999999999996,19,2,4,5,Regular customers
13833.0,2011-07-03 13:27:00,1,384.8,159,4,4,4,High-value customers
13835.0,2011-11-14 15:37:00,4,834.57,25,2,2,3,At-risk customers
13837.0,2011-05-12 12:10:00,2,271.24,212,5,3,4,Regular customers
13838.0,2011-12-04 11:00:00,4,691.73,6,1,2,3,At-risk customers
13841.0,2011-04-01 12:10:00,1,85.0,253,5,4,5,High-value customers
13842.0,2011-10-12 10:51:00,9,3385.62,59,3,1,1,Inactive customers
13844.0,2011-11-28 13:21:00,1,361.62,11,1,4,4,Regular customers
13845.0,2011-10-06 08:25:00,1,312.98,65,3,4,4,Regular customers
13846.0,2011-11-15 12:07:00,3,865.0600000000001,25,2,2,3,At-risk customers
13848.0,2011-09-08 12:58:00,3,1255.0,92,4,2,2,New customers
13849.0,2011-10-19 10:59:00,2,1537.95,52,3,3,2,Inactive customers
13850.0,2011-08-02 14:04:00,1,1595.48,129,4,4,2,Loyal customers
13851.0,2011-09-05 12:36:00,3,2651.46,96,4,2,1,New customers
13853.0,2011-10-13 14:18:00,1,1090.14,57,3,4,2,Inactive customers
13854.0,2011-12-01 09:06:00,25,8109.5199999999995,9,1,1,1,Inactive customers
13856.0,2011-06-24 10:03:00,3,388.5,169,4,2,4,New customers
13858.0,2011-10-13 16:17:00,1,216.17,57,3,4,5,Regular customers
13859.0,2011-01-17 16:14:00,1,201.16,326,5,4,5,High-value customers
13860.0,2011-12-08 12:57:00,5,1245.9,1,1,2,2,At-risk customers
13862.0,2011-11-21 16:24:00,8,2209.36,18,2,1,1,Inactive customers
13863.0,2011-04-06 10:20:00,1,305.78,248,5,4,4,High-value customers
13865.0,2011-10-12 13:31:00,4,501.56,58,3,2,3,Inactive customers
13866.0,2011-09-26 14:54:00,1,145.67000000000002,74,4,4,5,High-value customers
13867.0,2011-11-08 15:48:00,3,1015.29,31,2,2,2,At-risk customers
13868.0,2011-12-02 16:32:00,2,3192.54,7,1,3,1,At-risk customers
13869.0,2011-08-08 13:53:00,4,3104.95,123,4,2,1,New customers
13870.0,2011-12-07 13:23:00,8,2770.94,2,1,1,1,Inactive customers
13871.0,2011-11-17 10:49:00,13,6403.25,23,2,1,1,Inactive customers
13873.0,2011-08-12 10:08:00,3,389.6,120,4,2,4,New customers
13874.0,2010-12-16 18:20:00,1,540.45,358,5,4,3,Loyal customers
13875.0,2011-10-17 09:36:00,5,1786.79,54,3,2,2,Inactive customers
13876.0,2011-10-07 10:22:00,1,122.7,64,3,4,5,Regular customers
13877.0,2011-09-14 15:49:00,1,117.24,86,4,4,5,High-value customers
13878.0,2011-10-16 12:19:00,1,1281.53,55,3,4,2,Inactive customers
13880.0,2011-11-18 13:44:00,13,3219.77,21,2,1,1,Inactive customers
13881.0,2011-12-06 12:50:00,20,17159.52,4,1,1,1,Inactive customers
13882.0,2011-12-07 11:16:00,5,1191.13,3,1,2,2,At-risk customers
13883.0,2011-11-29 10:45:00,5,2674.48,11,1,2,1,At-risk customers
13884.0,2011-12-02 16:30:00,5,787.6,7,1,2,3,At-risk customers
13885.0,2011-06-03 15:07:00,2,506.8,189,5,3,3,Regular customers
13886.0,2011-09-29 13:17:00,1,243.56,71,3,4,5,Regular customers
13887.0,2011-05-19 17:22:00,1,349.55,204,5,4,4,High-value customers
13888.0,2011-08-12 10:13:00,2,605.63,120,4,3,3,Regular customers
13889.0,2011-09-08 09:13:00,1,416.90000000000003,93,4,4,4,High-value customers
13890.0,2011-12-08 15:36:00,10,1883.8100000000002,1,1,1,2,Inactive customers
13892.0,2011-11-13 11:50:00,4,632.97,27,2,2,3,At-risk customers
13893.0,2011-02-15 11:30:00,1,821.1,298,5,4,3,Loyal customers
13894.0,2011-11-16 09:44:00,3,564.62,24,2,2,3,At-risk customers
13895.0,2011-11-11 16:57:00,4,2593.07,28,2,2,1,At-risk customers
13897.0,2011-10-20 14:30:00,1,311.16,50,3,4,4,Regular customers
13898.0,2011-01-18 10:28:00,1,155.93,326,5,4,5,High-value customers
13899.0,2011-11-23 13:40:00,2,388.52,16,2,3,4,Regular customers
13900.0,2011-06-09 19:26:00,3,740.95,183,5,2,3,New customers
13901.0,2011-09-28 14:48:00,5,2867.2,72,4,2,1,New customers
13904.0,2011-11-02 13:41:00,2,332.64,37,3,3,4,Regular customers
13908.0,2011-09-21 11:49:00,4,2369.55,80,4,2,1,New customers
13911.0,2011-10-13 15:43:00,9,2580.91,57,3,1,1,Inactive customers
13914.0,2011-11-28 10:35:00,2,626.45,12,1,3,3,Regular customers
13917.0,2011-10-21 09:56:00,2,272.04,50,3,3,4,Regular customers
13918.0,2011-10-21 12:25:00,2,1212.8400000000001,50,3,3,2,Inactive customers
13919.0,2011-10-11 14:24:00,2,384.81,59,3,3,4,Regular customers
13922.0,2010-12-23 10:38:00,1,172.25,352,5,4,5,High-value customers
13923.0,2011-10-17 12:33:00,1,351.13,54,3,4,4,Regular customers
13924.0,2011-12-08 09:39:00,6,1838.8500000000001,2,1,1,2,Inactive customers
13925.0,2011-09-08 12:47:00,4,678.25,93,4,2,3,New customers
13926.0,2011-11-16 13:16:00,1,223.85000000000002,23,2,4,5,Regular customers
13927.0,2011-09-26 12:00:00,1,348.99,75,4,4,4,High-value customers
13928.0,2011-11-29 10:33:00,4,464.57,11,1,2,4,At-risk customers
13929.0,2011-06-23 15:26:00,2,842.65,169,4,3,3,Regular customers
13930.0,2011-10-13 09:45:00,2,337.34,58,3,3,4,Regular customers
13931.0,2011-09-05 10:12:00,2,1237.53,96,4,3,2,Inactive customers
13932.0,2011-02-18 12:02:00,1,307.4,295,5,4,4,High-value customers
13933.0,2011-08-22 14:03:00,2,608.7900000000001,109,4,3,3,Regular customers
13934.0,2011-03-21 08:39:00,1,922.1,264,5,4,3,Loyal customers
13936.0,2011-06-13 08:47:00,1,376.58,180,5,4,4,High-value customers
13937.0,2011-06-23 16:35:00,1,158.85,169,4,4,5,High-value customers
13938.0,2011-11-04 14:37:00,1,71.66,35,3,4,5,Regular customers
13939.0,2011-11-16 13:33:00,3,568.55,23,2,2,3,At-risk customers
13940.0,2011-11-22 15:15:00,4,839.14,17,2,2,3,At-risk customers
13941.0,2011-11-18 09:43:00,5,5112.96,22,2,2,1,At-risk customers
13946.0,2011-09-21 13:33:00,3,561.5699999999999,79,4,2,3,New customers
13947.0,2011-10-05 14:42:00,1,90.6,65,3,4,5,Regular customers
13948.0,2010-12-14 10:18:00,1,102.0,361,5,4,5,High-value customers
13949.0,2011-12-07 09:35:00,6,2427.32,3,1,1,1,Inactive customers
13950.0,2011-11-28 14:44:00,4,745.06,11,1,2,3,At-risk customers
13951.0,2011-06-16 16:43:00,3,674.45,176,4,2,3,New customers
13952.0,2011-05-06 09:00:00,2,3251.071,218,5,3,1,Inactive customers
13953.0,2011-12-02 16:04:00,7,3515.68,7,1,1,1,Inactive customers
13954.0,2011-12-08 12:50:00,2,439.92,2,1,3,4,Regular customers
13955.0,2011-07-08 17:19:00,2,322.96,154,4,3,4,Regular customers
13956.0,2011-12-04 13:20:00,5,1026.42,5,1,2,2,At-risk customers
13959.0,2011-09-21 15:06:00,3,598.2,79,4,2,3,New customers
13960.0,2011-11-18 15:27:00,2,230.22,21,2,3,5,Regular customers
13962.0,2011-11-18 08:47:00,2,169.55,22,2,3,5,Regular customers
13963.0,2011-02-04 14:43:00,4,664.54,308,5,2,3,New customers
13967.0,2011-07-17 12:02:00,1,80.7,146,4,4,5,High-value customers
13969.0,2011-12-02 15:11:00,18,9053.94,7,1,1,1,Inactive customers
13971.0,2011-11-21 12:06:00,8,2758.26,19,2,1,1,Inactive customers
13972.0,2011-09-30 11:54:00,2,190.25,71,3,3,5,Regular customers
13973.0,2011-02-25 15:21:00,1,264.7,287,5,4,4,High-value customers
13974.0,2011-10-21 14:41:00,1,413.59000000000003,49,3,4,4,Regular customers
13975.0,2011-11-08 13:19:00,6,2526.28,31,2,1,1,Inactive customers
13976.0,2011-05-17 09:13:00,1,357.98,207,5,4,4,High-value customers
13978.0,2011-11-25 11:36:00,2,196.79000000000002,15,2,3,5,Regular customers
13979.0,2011-09-27 13:32:00,1,869.87,73,4,4,3,Loyal customers
13980.0,2011-10-10 13:34:00,1,200.14,60,3,4,5,Regular customers
13982.0,2011-10-31 16:24:00,4,1871.81,39,3,2,2,Inactive customers
13983.0,2011-11-10 11:06:00,12,2603.43,30,2,1,1,Inactive customers
13984.0,2011-11-13 12:38:00,5,920.51,27,2,2,3,At-risk customers
13985.0,2011-12-05 17:06:00,15,7060.13,4,1,1,1,Inactive customers
13986.0,2011-11-22 15:00:00,1,320.46,17,2,4,4,Regular customers
13988.0,2011-11-20 10:15:00,6,4147.96,20,2,1,1,Inactive customers
13989.0,2011-10-05 09:47:00,2,1266.08,66,3,3,2,Inactive customers
13990.0,2011-05-10 15:19:00,1,311.3,213,5,4,4,High-value customers
13991.0,2011-11-27 16:18:00,6,855.97,12,1,1,3,Inactive customers
13992.0,2011-11-09 15:23:00,1,76.8,30,2,4,5,Regular customers
13993.0,2011-10-28 09:06:00,9,3466.36,43,3,1,1,Inactive customers
13994.0,2011-12-06 11:05:00,6,2313.14,4,1,1,1,Inactive customers
13995.0,2011-11-24 14:22:00,5,1393.69,15,2,2,2,At-risk customers
13999.0,2011-11-29 13:40:00,12,3901.81,10,1,1,1,Inactive customers
14000.0,2011-05-12 16:50:00,1,635.66,211,5,4,3,Loyal customers
14001.0,2011-10-25 10:31:00,3,2043.0800000000002,46,3,2,2,Inactive customers
14002.0,2011-07-28 15:55:00,2,529.73,134,4,3,3,Regular customers
14004.0,2011-10-27 14:40:00,7,4582.64,43,3,1,1,Inactive customers
14005.0,2011-11-30 12:41:00,5,2874.72,10,1,2,1,At-risk customers
14006.0,2011-08-16 09:39:00,3,962.19,116,4,2,2,New customers
14009.0,2011-05-25 15:47:00,2,695.61,198,5,3,3,Regular customers
14012.0,2011-03-07 12:26:00,1,328.8,278,5,4,4,High-value customers
14013.0,2011-08-21 15:01:00,3,473.02,110,4,2,4,New customers
14014.0,2011-09-23 13:18:00,1,505.18,77,4,4,3,Loyal customers
14015.0,2011-10-18 10:02:00,1,917.34,53,3,4,3,Regular customers
14016.0,2011-07-01 11:29:00,4,4341.21,162,4,2,1,New customers
14019.0,2011-10-24 10:13:00,3,1421.61,47,3,2,2,Inactive customers
14020.0,2011-11-23 09:22:00,2,642.8,17,2,3,3,Regular customers
14021.0,2011-07-07 15:46:00,3,631.9,155,4,2,3,New customers
14022.0,2011-04-28 14:39:00,1,440.0,225,5,4,4,High-value customers
14023.0,2011-12-02 13:58:00,2,584.07,7,1,3,3,Regular customers
14024.0,2011-08-10 11:30:00,2,327.7,122,4,3,4,Regular customers
14027.0,2011-10-10 09:01:00,1,104.82,61,3,4,5,Regular customers
14029.0,2011-10-07 14:46:00,2,467.66,63,3,3,4,Regular customers
14030.0,2011-11-21 16:48:00,8,2360.09,18,2,1,1,Inactive customers
14031.0,2011-12-02 17:13:00,19,17286.86,7,1,1,1,Inactive customers
14032.0,2011-12-07 15:23:00,11,2975.59,2,1,1,1,Inactive customers
14034.0,2011-11-17 14:02:00,3,651.8199999999999,22,2,2,3,At-risk customers
14035.0,2011-11-11 10:03:00,5,1428.02,29,2,2,2,At-risk customers
14036.0,2011-02-28 09:26:00,1,626.65,285,5,4,3,Loyal customers
14037.0,2011-06-16 13:57:00,2,147.20000000000002,176,4,3,5,Regular customers
14038.0,2011-09-22 13:37:00,3,1560.38,78,4,2,2,New customers
14039.0,2011-11-06 13:48:00,1,152.2,33,3,4,5,Regular customers
14040.0,2011-10-30 12:42:00,12,3614.92,41,3,1,1,Inactive customers
14041.0,2011-03-18 13:25:00,1,141.41,266,5,4,5,High-value customers
14044.0,2011-11-13 12:05:00,4,652.82,27,2,2,3,At-risk customers
14045.0,2011-08-22 15:27:00,4,1659.75,109,4,2,2,New customers
14046.0,2011-02-28 14:48:00,1,154.99,284,5,4,5,High-value customers
14047.0,2011-12-01 11:43:00,5,1308.6100000000001,9,1,2,2,At-risk customers
14048.0,2011-02-07 14:53:00,1,409.93,305,5,4,4,High-value customers
14049.0,2011-11-23 12:20:00,4,5681.72,17,2,2,1,At-risk customers
14050.0,2011-11-08 10:00:00,2,746.36,32,2,3,3,Regular customers
14051.0,2011-12-09 10:20:00,23,15610.390000000001,1,1,1,1,Inactive customers
14052.0,2011-11-20 12:30:00,1,225.36,20,2,4,5,Regular customers
14053.0,2011-08-07 14:27:00,2,260.25,124,4,3,4,Regular customers
14054.0,2011-10-05 15:49:00,1,92.46,65,3,4,5,Regular customers
14055.0,2011-08-25 15:04:00,1,725.6400000000001,106,4,4,3,Loyal customers
14056.0,2011-12-08 13:36:00,23,8214.65,1,1,1,1,Inactive customers
14057.0,2011-11-16 10:32:00,17,6217.96,24,2,1,1,Inactive customers
14059.0,2011-03-18 10:06:00,1,183.6,267,5,4,5,High-value customers
14060.0,2011-12-05 12:29:00,19,6140.42,5,1,1,1,Inactive customers
14062.0,2011-11-30 10:04:00,12,10464.85,10,1,1,1,Inactive customers
14064.0,2011-11-10 13:14:00,5,1353.74,29,2,2,2,At-risk customers
14066.0,2011-03-18 12:21:00,1,152.55,267,5,4,5,High-value customers
14067.0,2011-10-07 10:21:00,2,374.7,64,3,3,4,Regular customers
14068.0,2011-01-23 16:02:00,1,265.85,320,5,4,4,High-value customers
14071.0,2011-12-06 12:27:00,8,1438.82,4,1,1,2,Inactive customers
14073.0,2011-11-07 15:49:00,1,151.04,32,2,4,5,Regular customers
14075.0,2011-12-05 08:38:00,3,942.26,5,1,2,3,At-risk customers
14076.0,2011-08-02 15:19:00,1,122.47,129,4,4,5,High-value customers
14077.0,2011-10-30 12:35:00,5,499.41999999999996,41,3,2,3,Inactive customers
14078.0,2011-08-30 12:16:00,6,1049.37,102,4,1,2,New customers
14079.0,2011-08-07 12:10:00,1,375.1,125,4,4,4,High-value customers
14080.0,2011-11-07 11:09:00,1,45.599999999999994,33,3,4,5,Regular customers
14081.0,2011-02-10 16:17:00,2,934.52,302,5,3,3,Regular customers
14082.0,2010-12-10 11:02:00,1,182.25,365,5,4,5,High-value customers
14083.0,2011-12-05 13:14:00,9,1018.43,4,1,1,2,Inactive customers
14085.0,2011-12-07 13:46:00,18,4448.54,2,1,1,1,Inactive customers
14087.0,2011-12-07 12:41:00,1,194.42,3,1,4,5,Regular customers
14088.0,2011-11-29 16:16:00,13,50491.81,10,1,1,1,Inactive customers
14089.0,2011-10-14 10:38:00,1,161.0,57,3,4,5,Regular customers
14090.0,2011-01-19 10:51:00,1,76.32000000000001,325,5,4,5,High-value customers
14092.0,2011-12-02 12:13:00,14,4076.91,8,1,1,1,Inactive customers
14093.0,2011-11-27 16:27:00,1,442.85,12,1,4,4,Regular customers
14096.0,2011-12-05 17:17:00,17,65164.79,4,1,1,1,Inactive customers
14098.0,2011-11-03 10:13:00,1,147.35,37,3,4,5,Regular customers
14099.0,2011-11-23 13:53:00,11,3104.17,16,2,1,1,Inactive customers
14100.0,2011-07-25 11:01:00,1,194.9,138,4,4,5,High-value customers
14101.0,2011-09-27 12:28:00,6,5976.79,74,4,1,1,New customers
14102.0,2011-12-04 15:38:00,5,1360.28,5,1,2,2,At-risk customers
14104.0,2011-07-08 12:50:00,2,216.20999999999998,155,4,3,5,Regular customers
14105.0,2011-04-14 17:58:00,1,1266.23,239,5,4,2,Loyal customers
14107.0,2011-10-19 12:12:00,7,2703.23,52,3,1,1,Inactive customers
14108.0,2011-11-09 10:41:00,2,597.91,31,2,3,3,Regular customers
14109.0,2011-09-28 10:18:00,1,144.2,73,4,4,5,High-value customers
14110.0,2011-12-06 12:26:00,12,5683.15,4,1,1,1,Inactive customers
14111.0,2011-11-25 13:44:00,4,692.85,14,2,2,3,At-risk customers
14112.0,2011-11-17 12:30:00,7,2915.15,23,2,1,1,Inactive customers
14113.0,2011-12-06 12:18:00,4,1840.42,4,1,2,2,At-risk customers
14114.0,2011-03-11 09:42:00,2,386.53,274,5,3,4,Regular customers
14116.0,2011-11-20 10:29:00,5,1382.74,20,2,2,2,At-risk customers
14117.0,2011-07-19 09:49:00,1,90.0,144,4,4,5,High-value customers
14121.0,2011-12-06 12:19:00,4,2780.15,4,1,2,1,At-risk customers
14124.0,2011-09-16 13:32:00,1,419.58000000000004,84,4,4,4,High-value customers
14125.0,2011-11-29 12:47:00,3,2740.43,11,1,2,1,At-risk customers
14126.0,2011-12-02 11:45:00,3,706.1300000000001,8,1,2,3,At-risk customers
14127.0,2011-08-09 10:49:00,3,709.71,123,4,2,3,New customers
14128.0,2011-10-10 12:00:00,2,637.5,61,3,3,3,Regular customers
14129.0,2011-12-08 11:02:00,5,1123.8600000000001,2,1,2,2,At-risk customers
14130.0,2011-01-24 16:05:00,1,483.86,319,5,4,4,High-value customers
14132.0,2011-12-07 13:35:00,11,3586.0299999999997,2,1,1,1,Inactive customers
14133.0,2011-08-02 11:34:00,3,605.64,130,4,2,3,New customers
14135.0,2011-12-08 11:38:00,15,4690.31,2,1,1,1,Inactive customers
14138.0,2011-12-08 12:44:00,2,982.3800000000001,2,1,3,2,At-risk customers
14139.0,2011-10-24 13:34:00,1,415.82,46,3,4,4,Regular customers
14140.0,2011-12-06 09:05:00,2,935.05,4,1,3,3,Regular customers
14141.0,2011-12-07 09:53:00,4,915.13,3,1,2,3,At-risk customers
14142.0,2010-12-01 16:33:00,1,311.81,373,5,4,4,High-value customers
14143.0,2011-07-29 09:48:00,1,115.8,134,4,4,5,High-value customers
14145.0,2011-10-24 12:10:00,4,3742.2,47,3,2,1,Inactive customers
14146.0,2011-12-01 10:18:00,5,4191.0,9,1,2,1,At-risk customers
14147.0,2011-09-22 18:10:00,2,483.4,78,4,3,4,Regular customers
14148.0,2011-04-20 12:02:00,1,157.2,234,5,4,5,High-value customers
14149.0,2011-05-03 09:44:00,1,446.62,221,5,4,4,High-value customers
14150.0,2011-11-04 10:05:00,2,658.64,36,3,3,3,Regular customers
14152.0,2011-09-25 12:54:00,2,621.29,75,4,3,3,Regular customers
14154.0,2011-04-14 16:26:00,2,1345.62,239,5,3,2,Inactive customers
14155.0,2011-03-18 14:13:00,1,118.75,266,5,4,5,High-value customers
14156.0,2011-11-30 10:54:00,55,117379.63,10,1,1,1,Inactive customers
14157.0,2011-11-20 11:32:00,2,432.88,20,2,3,4,Regular customers
14158.0,2011-10-30 15:08:00,1,507.66,40,3,4,3,Regular customers
14159.0,2011-11-20 12:36:00,11,4693.01,20,2,1,1,Inactive customers
14161.0,2011-05-08 11:41:00,3,1110.52,216,5,2,2,New customers
14162.0,2011-06-19 11:36:00,2,289.36,174,4,3,4,Regular customers
14163.0,2011-09-13 15:18:00,4,2445.91,87,4,2,1,New customers
14164.0,2011-09-30 12:24:00,2,1631.77,71,3,3,2,Inactive customers
14165.0,2011-03-09 12:39:00,1,122.53999999999999,276,5,4,5,High-value customers
14167.0,2011-10-31 14:29:00,4,574.84,39,3,2,3,Inactive customers
14171.0,2011-09-02 16:43:00,1,363.79,98,4,4,4,High-value customers
14173.0,2011-11-29 11:54:00,4,450.84,11,1,2,4,At-risk customers
14174.0,2011-11-06 13:17:00,1,134.46,33,3,4,5,Regular customers
14175.0,2011-10-11 11:55:00,3,3222.3,60,3,2,1,Inactive customers
14176.0,2011-02-15 13:12:00,4,576.9000000000001,297,5,2,3,New customers
14177.0,2011-09-14 15:11:00,4,559.41,86,4,2,3,New customers
14178.0,2011-12-01 12:01:00,7,1620.93,9,1,1,2,Inactive customers
14179.0,2011-10-30 12:07:00,2,719.78,41,3,3,3,Regular customers
14180.0,2011-11-29 10:56:00,25,4748.52,11,1,1,1,Inactive customers
14184.0,2011-10-04 12:43:00,1,452.89,67,3,4,4,Regular customers
14185.0,2011-01-12 13:52:00,1,197.65,331,5,4,5,High-value customers
14188.0,2011-11-09 12:45:00,6,2054.36,31,2,1,2,Inactive customers
14189.0,2011-12-07 15:55:00,15,4654.08,2,1,1,1,Inactive customers
14191.0,2011-12-08 09:23:00,13,4684.76,2,1,1,1,Inactive customers
14193.0,2011-10-03 09:34:00,2,853.39,68,3,3,3,Regular customers
14194.0,2011-12-05 10:38:00,21,11349.52,5,1,1,1,Inactive customers
14195.0,2011-05-22 10:29:00,2,1012.0,202,5,3,2,Inactive customers
14196.0,2011-08-25 10:25:00,1,335.52,107,4,4,4,High-value customers
14198.0,2011-11-21 16:35:00,4,701.4,18,2,2,3,At-risk customers
14199.0,2011-05-05 13:44:00,1,185.39999999999998,218,5,4,5,High-value customers
14201.0,2011-10-10 13:27:00,7,747.44,60,3,1,3,Inactive customers
14204.0,2011-12-07 13:38:00,1,161.03,2,1,4,5,Regular customers
14205.0,2011-11-23 10:55:00,2,466.7,17,2,3,4,Regular customers
14206.0,2011-04-14 16:38:00,1,328.15999999999997,239,5,4,4,High-value customers
14208.0,2011-09-06 12:48:00,1,151.74,95,4,4,5,High-value customers
14209.0,2011-11-29 10:18:00,6,2073.43,11,1,1,1,Inactive customers
14210.0,2011-08-26 12:36:00,6,1905.8400000000001,106,4,1,2,New customers
14211.0,2011-10-17 13:23:00,9,2241.1,53,3,1,1,Inactive customers
14212.0,2011-09-11 12:45:00,1,1070.48,90,4,4,2,Loyal customers
14214.0,2011-11-09 10:31:00,5,1004.38,31,2,2,2,At-risk customers
14215.0,2011-11-28 12:19:00,6,1789.72,12,1,1,2,Inactive customers
14216.0,2011-12-06 14:56:00,4,1839.3,3,1,2,2,At-risk customers
14217.0,2011-12-08 11:53:00,17,2004.98,2,1,1,2,Inactive customers
14218.0,2011-10-28 10:00:00,1,169.48000000000002,43,3,4,5,Regular customers
14219.0,2011-12-05 16:23:00,1,89.94,4,1,4,5,Regular customers
14220.0,2011-04-06 13:23:00,2,632.4,247,5,3,3,Regular customers
14221.0,2011-10-28 13:42:00,9,3432.8,42,3,1,1,Inactive customers
14222.0,2011-06-15 16:42:00,1,683.17,177,4,4,3,Loyal customers
14223.0,2011-09-08 13:38:00,3,991.13,92,4,2,2,New customers
14224.0,2011-08-21 13:24:00,4,1050.12,110,4,2,2,New customers
14226.0,2011-11-11 11:34:00,5,2232.19,29,2,2,1,At-risk customers
14227.0,2011-11-13 15:48:00,10,3350.96,26,2,1,1,Inactive customers
14229.0,2011-10-19 10:04:00,3,1547.2,52,3,2,2,Inactive customers
14231.0,2011-06-09 11:05:00,3,925.71,184,5,2,3,New customers
14232.0,2011-10-28 11:09:00,5,2048.07,43,3,2,2,Inactive customers
14233.0,2011-10-21 15:54:00,4,1462.72,49,3,2,2,Inactive customers
14234.0,2011-11-17 17:53:00,4,775.46,22,2,2,3,At-risk customers
14235.0,2011-09-25 14:37:00,5,3144.86,75,4,2,1,New customers
14236.0,2011-09-20 09:13:00,2,490.86,81,4,3,3,Regular customers
14237.0,2010-12-01 13:20:00,1,161.0,373,5,4,5,High-value customers
14238.0,2011-01-17 14:40:00,1,146.85,326,5,4,5,High-value customers
14239.0,2011-10-27 14:40:00,11,2380.85,43,3,1,1,Inactive customers
14240.0,2011-11-09 13:45:00,2,890.34,30,2,3,3,Regular customers
14241.0,2011-06-09 11:46:00,1,213.70000000000002,184,5,4,5,High-value customers
14242.0,2011-04-19 11:46:00,2,280.55,235,5,3,4,Regular customers
14243.0,2011-12-01 11:12:00,10,2588.77,9,1,1,1,Inactive customers
14245.0,2011-05-04 08:40:00,2,1693.45,220,5,3,2,Inactive customers
14246.0,2011-08-21 11:50:00,3,1474.06,111,4,2,2,New customers
14247.0,2011-03-06 15:21:00,1,136.76999999999998,278,5,4,5,High-value customers
14248.0,2011-01-25 14:45:00,1,302.58,318,5,4,4,High-value customers
14250.0,2011-12-02 14:30:00,3,1904.05,7,1,2,2,At-risk customers
14251.0,2011-12-08 08:32:00,5,2879.7000000000003,2,1,2,1,At-risk customers
14256.0,2011-03-24 13:17:00,2,969.0600000000001,260,5,3,2,Inactive customers
14257.0,2011-10-06 16:54:00,5,3099.7200000000003,64,3,2,1,Inactive customers
14258.0,2011-11-30 15:27:00,9,12669.98,9,1,1,1,Inactive customers
14259.0,2011-07-21 10:44:00,1,120.0,142,4,4,5,High-value customers
14261.0,2011-10-20 10:04:00,2,1163.45,51,3,3,2,Inactive customers
14262.0,2011-12-01 14:17:00,8,2618.23,8,1,1,1,Inactive customers
14264.0,2011-07-08 10:20:00,2,333.97,155,4,3,4,Regular customers
14265.0,2011-08-22 13:32:00,2,530.18,109,4,3,3,Regular customers
14267.0,2011-06-30 10:09:00,3,1516.24,163,4,2,2,New customers
14270.0,2011-01-12 09:33:00,1,492.65000000000003,332,5,4,3,Loyal customers
14271.0,2011-04-28 12:47:00,1,112.32,226,5,4,5,High-value customers
14272.0,2011-09-27 10:08:00,2,437.96,74,4,3,4,Regular customers
14273.0,2011-10-19 13:20:00,4,559.97,51,3,2,3,Inactive customers
14276.0,2011-09-02 09:45:00,3,1119.74,99,4,2,2,New customers
14277.0,2011-11-24 15:01:00,3,4216.2,15,2,2,1,At-risk customers
14280.0,2011-05-27 10:37:00,1,134.04,197,5,4,5,High-value customers
14282.0,2011-12-06 17:04:00,15,3729.34,3,1,1,1,Inactive customers
14284.0,2011-11-09 08:11:00,2,595.25,31,2,3,3,Regular customers
14285.0,2011-11-18 14:50:00,4,1910.01,21,2,2,2,At-risk customers
14286.0,2011-11-16 10:34:00,3,4628.75,24,2,2,1,At-risk customers
14287.0,2011-12-01 13:25:00,3,176.63,8,1,2,5,At-risk customers
14288.0,2011-05-10 13:22:00,1,426.6,213,5,4,4,High-value customers
14289.0,2011-12-01 11:44:00,6,911.26,9,1,1,3,Inactive customers
14290.0,2011-11-28 14:02:00,5,2314.65,11,1,2,1,At-risk customers
14291.0,2011-12-08 10:26:00,11,3883.25,2,1,1,1,Inactive customers
14292.0,2011-12-02 11:50:00,9,4871.93,8,1,1,1,Inactive customers
14293.0,2011-12-06 15:17:00,4,1046.56,3,1,2,2,At-risk customers
14295.0,2011-10-30 15:50:00,1,166.20000000000002,40,3,4,5,Regular customers
14297.0,2011-11-22 09:06:00,4,1305.33,18,2,2,2,At-risk customers
14298.0,2011-12-01 13:12:00,44,51527.3,8,1,1,1,Inactive customers
14299.0,2011-12-01 16:05:00,9,3965.62,8,1,1,1,Inactive customers
14300.0,2011-11-21 08:57:00,1,43.2,19,2,4,5,Regular customers
14301.0,2011-08-14 15:33:00,1,640.14,117,4,4,3,Loyal customers
14304.0,2011-05-01 11:50:00,1,383.45,223,5,4,4,High-value customers
14305.0,2011-09-29 15:29:00,3,1858.96,71,3,2,2,Inactive customers
14306.0,2011-10-19 13:23:00,2,2093.32,51,3,3,1,Inactive customers
14307.0,2011-09-12 09:38:00,6,2995.72,89,4,1,1,New customers
14309.0,2011-12-01 13:33:00,9,2352.53,8,1,1,1,Inactive customers
14311.0,2011-04-11 10:14:00,1,310.26,243,5,4,4,High-value customers
14312.0,2011-10-24 09:46:00,6,1611.59,47,3,1,2,Inactive customers
14314.0,2011-08-25 10:39:00,1,120.0,107,4,4,5,High-value customers
14315.0,2011-10-26 12:06:00,6,2481.13,45,3,1,1,Inactive customers
14317.0,2011-10-06 10:44:00,1,508.58000000000004,65,3,4,3,Regular customers
14320.0,2011-05-17 09:24:00,2,477.79,207,5,3,4,Regular customers
14321.0,2011-11-29 09:47:00,5,1530.75,11,1,2,2,At-risk customers
14323.0,2011-08-17 11:37:00,2,605.0600000000001,115,4,3,3,Regular customers
14326.0,2011-04-11 15:04:00,1,183.85,242,5,4,5,High-value customers
14327.0,2011-06-29 13:58:00,1,311.65,163,4,4,4,High-value customers
14329.0,2011-11-22 15:50:00,7,5014.84,17,2,1,1,Inactive customers
14331.0,2011-08-07 13:17:00,2,462.65999999999997,124,4,3,4,Regular customers
14332.0,2011-11-17 11:54:00,3,866.31,23,2,2,3,At-risk customers
14333.0,2011-10-03 10:38:00,1,415.2,68,3,4,4,Regular customers
14334.0,2011-11-23 10:01:00,8,2552.21,17,2,1,1,Inactive customers
14335.0,2011-11-23 13:41:00,2,468.26,16,2,3,4,Regular customers
14336.0,2011-11-23 11:40:00,4,1614.91,17,2,2,2,At-risk customers
14338.0,2011-07-01 14:08:00,2,588.22,161,4,3,3,Regular customers
14339.0,2011-04-11 11:06:00,1,309.52,243,5,4,4,High-value customers
14340.0,2011-05-05 09:44:00,1,134.7,219,5,4,5,High-value customers
14341.0,2011-10-25 15:48:00,8,2182.28,45,3,1,1,Inactive customers
14342.0,2011-11-18 13:21:00,4,668.5600000000001,21,2,2,3,At-risk customers
14344.0,2011-08-04 13:51:00,8,889.9300000000001,127,4,1,3,New customers
14345.0,2011-11-01 09:51:00,1,108.97999999999999,39,3,4,5,Regular customers
14346.0,2011-08-11 09:47:00,2,1021.58,121,4,3,2,Inactive customers
14348.0,2011-03-24 16:23:00,1,409.57,260,5,4,4,High-value customers
14349.0,2011-11-29 15:39:00,1,133.5,10,1,4,5,Regular customers
14350.0,2011-03-10 14:14:00,1,282.93,274,5,4,4,High-value customers
14351.0,2011-06-28 11:56:00,1,51.0,165,4,4,5,High-value customers
14352.0,2011-07-05 15:41:00,4,1078.96,157,4,2,2,New customers
14353.0,2011-05-08 16:06:00,1,90.6,215,5,4,5,High-value customers
14354.0,2011-12-04 11:32:00,2,163.62,6,1,3,5,Regular customers
14355.0,2010-12-09 12:16:00,1,174.4,366,5,4,5,High-value customers
14356.0,2011-09-21 09:18:00,2,701.23,80,4,3,3,Regular customers
14357.0,2011-10-27 16:23:00,1,225.77,43,3,4,5,Regular customers
14359.0,2011-11-20 13:17:00,3,912.18,19,2,2,3,At-risk customers
14360.0,2011-11-08 09:12:00,4,2128.23,32,2,2,1,At-risk customers
14362.0,2011-11-17 15:08:00,1,161.2,22,2,4,5,Regular customers
14364.0,2011-08-23 11:01:00,8,3717.35,109,4,1,1,New customers
14367.0,2011-12-01 13:19:00,16,9261.52,8,1,1,1,Inactive customers
14368.0,2011-01-24 09:52:00,1,155.0,320,5,4,5,High-value customers
14371.0,2011-02-17 16:35:00,1,100.5,295,5,4,5,High-value customers
14373.0,2010-12-16 15:40:00,1,76.55,358,5,4,5,High-value customers
14375.0,2011-06-07 13:44:00,1,257.68,185,5,4,4,High-value customers
14377.0,2011-06-01 13:32:00,2,617.05,191,5,3,3,Regular customers
14379.0,2011-10-26 16:43:00,2,348.1,44,3,3,4,Regular customers
14381.0,2011-10-18 17:10:00,1,202.68,52,3,4,5,Regular customers
14382.0,2011-11-13 16:18:00,1,626.0699999999999,26,2,4,3,Regular customers
14383.0,2011-11-01 15:53:00,3,1247.69,38,3,2,2,Inactive customers
14385.0,2011-11-30 15:36:00,3,202.11,9,1,2,5,At-risk customers
14386.0,2011-02-16 09:45:00,1,142.4,297,5,4,5,High-value customers
14387.0,2011-11-07 12:29:00,3,1770.56,33,3,2,2,Inactive customers
14388.0,2011-11-29 13:32:00,8,3212.84,10,1,1,1,Inactive customers
14389.0,2011-10-05 15:17:00,2,1043.46,65,3,3,2,Inactive customers
14390.0,2011-11-29 13:49:00,9,4652.82,10,1,1,1,Inactive customers
14393.0,2011-05-05 18:16:00,1,67.95,218,5,4,5,High-value customers
14395.0,2011-12-07 14:34:00,9,3507.71,2,1,1,1,Inactive customers
14396.0,2011-10-05 16:09:00,2,487.99,65,3,3,4,Regular customers
14397.0,2011-12-07 09:22:00,19,2612.96,3,1,1,1,Inactive customers
14400.0,2011-07-13 15:50:00,1,574.7,149,4,4,3,Loyal customers
14401.0,2011-12-05 13:30:00,13,4051.48,4,1,1,1,Inactive customers
14403.0,2011-08-01 12:57:00,4,1475.81,130,4,2,2,New customers
14404.0,2011-11-06 12:30:00,6,1474.32,34,3,1,2,Inactive customers
14406.0,2011-08-12 16:54:00,1,156.75,119,4,4,5,High-value customers
14407.0,2011-08-24 14:02:00,6,2157.73,107,4,1,1,New customers
14408.0,2011-11-29 11:41:00,7,2606.53,11,1,1,1,Inactive customers
14409.0,2011-09-29 18:18:00,6,2059.4500000000003,71,3,1,1,Inactive customers
14410.0,2011-09-08 15:08:00,9,1105.07,92,4,1,2,New customers
14411.0,2011-02-02 10:56:00,1,1063.0,311,5,4,2,Loyal customers
14412.0,2011-10-28 10:45:00,2,770.03,43,3,3,3,Regular customers
14413.0,2010-12-12 13:37:00,1,122.7,362,5,4,5,High-value customers
14414.0,2011-09-09 12:09:00,7,1496.98,92,4,1,2,New customers
14415.0,2011-12-08 14:38:00,13,5900.28,1,1,1,1,Inactive customers
14416.0,2011-11-17 15:22:00,2,490.22,22,2,3,3,Regular customers
14418.0,2011-12-06 11:39:00,3,1937.25,4,1,2,2,At-risk customers
14419.0,2011-11-29 11:22:00,6,1058.06,11,1,1,2,Inactive customers
14420.0,2011-09-01 18:07:00,1,387.52,99,4,4,4,High-value customers
14421.0,2011-10-13 13:24:00,2,813.11,57,3,3,3,Regular customers
14422.0,2011-12-09 11:26:00,6,4263.64,1,1,1,1,Inactive customers
14423.0,2011-05-05 15:12:00,1,265.2,218,5,4,4,High-value customers
14424.0,2011-11-22 11:48:00,1,322.08,18,2,4,4,Regular customers
14426.0,2011-11-16 12:25:00,10,4481.67,24,2,1,1,Inactive customers
14427.0,2011-10-20 14:23:00,2,363.34000000000003,50,3,3,4,Regular customers
14428.0,2011-12-02 13:17:00,5,1244.83,7,1,2,2,At-risk customers
14431.0,2011-02-10 10:40:00,1,470.36,303,5,4,4,High-value customers
14432.0,2011-11-30 08:04:00,6,2255.51,10,1,1,1,Inactive customers
14434.0,2011-11-18 08:56:00,6,1372.8,22,2,1,2,Inactive customers
14436.0,2011-09-02 10:13:00,1,89.06,99,4,4,5,High-value customers
14437.0,2010-12-09 09:27:00,1,63.0,366,5,4,5,High-value customers
14438.0,2011-02-06 14:56:00,1,131.9,306,5,4,5,High-value customers
14439.0,2011-01-24 11:39:00,1,2661.24,320,5,4,1,Loyal customers
14440.0,2011-12-01 15:42:00,5,2357.6800000000003,8,1,2,1,At-risk customers
14441.0,2011-12-09 09:07:00,4,1712.89,1,1,2,2,At-risk customers
14442.0,2011-05-19 11:36:00,2,1589.82,205,5,3,2,Inactive customers
14443.0,2011-10-17 10:10:00,4,1420.2,54,3,2,2,Inactive customers
14446.0,2011-12-09 11:34:00,4,1039.58,1,1,2,2,At-risk customers
14447.0,2011-11-21 08:28:00,5,1163.23,19,2,2,2,At-risk customers
14448.0,2011-11-30 13:50:00,2,375.35,9,1,3,4,Regular customers
14449.0,2011-11-21 12:06:00,4,907.1,19,2,2,3,At-risk customers
14450.0,2011-06-12 10:46:00,3,483.25,181,5,2,4,New customers
14451.0,2011-10-10 13:38:00,2,662.59,60,3,3,3,Regular customers
14452.0,2011-11-29 12:06:00,2,264.44,11,1,3,4,Regular customers
14453.0,2011-06-02 14:15:00,1,119.93,190,5,4,5,High-value customers
14456.0,2011-12-04 13:59:00,9,3062.4,5,1,1,1,Inactive customers
14457.0,2011-02-02 09:39:00,1,113.64,311,5,4,5,High-value customers
14459.0,2011-07-07 13:35:00,1,1837.92,155,4,4,2,Loyal customers
14460.0,2011-08-21 14:19:00,3,434.34,110,4,2,4,New customers
14461.0,2011-07-14 17:11:00,3,2103.06,148,4,2,1,New customers
14462.0,2011-10-04 15:55:00,11,2004.02,66,3,1,2,Inactive customers
14463.0,2011-09-02 15:20:00,3,529.62,98,4,2,3,New customers
14465.0,2011-04-07 12:38:00,3,1058.6200000000001,247,5,2,2,New customers
14466.0,2011-11-10 14:07:00,7,2272.4,29,2,1,1,Inactive customers
14467.0,2011-11-22 12:48:00,4,598.76,18,2,2,3,At-risk customers
14470.0,2011-11-28 10:31:00,2,461.19,12,1,3,4,Regular customers
14472.0,2011-08-28 11:01:00,8,1936.84,104,4,1,2,New customers
14473.0,2011-09-26 15:10:00,2,234.34000000000003,74,4,3,5,Regular customers
14474.0,2011-10-24 13:26:00,1,547.66,46,3,4,3,Regular customers
14475.0,2011-09-29 10:46:00,3,925.85,72,4,2,3,New customers
14476.0,2011-03-27 15:39:00,1,215.7,257,5,4,5,High-value customers
14477.0,2011-11-20 11:11:00,4,1309.6,20,2,2,2,At-risk customers
14479.0,2011-03-31 09:07:00,2,316.25,254,5,3,4,Regular customers
14480.0,2011-11-28 16:35:00,1,279.05,11,1,4,4,Regular customers
14481.0,2011-06-28 10:38:00,2,636.51,165,4,3,3,Regular customers
14482.0,2011-11-21 13:14:00,6,2068.15,18,2,1,1,Inactive customers
14483.0,2011-03-03 10:26:00,1,137.1,282,5,4,5,High-value customers
14484.0,2011-10-20 14:11:00,1,321.92,50,3,4,4,Regular customers
14485.0,2011-11-01 12:25:00,1,165.75,39,3,4,5,Regular customers
14487.0,2011-11-13 12:17:00,6,1196.33,27,2,1,2,Inactive customers
14488.0,2011-10-03 09:30:00,1,1064.28,68,3,4,2,Inactive customers
14489.0,2011-05-16 14:51:00,1,463.38,207,5,4,4,High-value customers
14491.0,2011-06-17 15:22:00,2,340.93,175,4,3,4,Regular customers
14493.0,2011-12-02 16:14:00,5,2383.2400000000002,7,1,2,1,At-risk customers
14494.0,2011-11-14 09:21:00,1,139.56,26,2,4,5,Regular customers
14495.0,2011-10-20 12:28:00,2,123.8,51,3,3,5,Regular customers
14496.0,2011-02-01 09:01:00,2,538.8100000000001,312,5,3,3,Regular customers
14497.0,2011-02-03 17:01:00,1,475.37,309,5,4,4,High-value customers
14498.0,2011-10-28 12:09:00,5,1957.32,43,3,2,2,Inactive customers
14499.0,2011-11-13 13:01:00,3,815.32,26,2,2,3,At-risk customers
14500.0,2011-09-12 16:45:00,3,356.85,88,4,2,4,New customers
14501.0,2011-06-09 12:02:00,2,251.21,184,5,3,4,Regular customers
14502.0,2011-11-20 11:50:00,11,2470.67,20,2,1,1,Inactive customers
14503.0,2011-12-06 13:30:00,6,3543.26,3,1,1,1,Inactive customers
14504.0,2011-10-23 16:00:00,4,673.26,47,3,2,3,Inactive customers
14505.0,2011-11-22 15:45:00,8,5905.64,17,2,1,1,Inactive customers
14506.0,2011-11-22 13:02:00,5,2012.17,17,2,2,2,At-risk customers
14507.0,2011-11-16 12:21:00,6,1383.18,24,2,1,2,Inactive customers
14508.0,2011-11-17 19:48:00,2,276.42,22,2,3,4,Regular customers
14511.0,2011-11-28 17:05:00,5,1314.81,11,1,2,2,At-risk customers
14512.0,2011-06-05 12:39:00,2,275.28,188,5,3,4,Regular customers
14513.0,2011-08-31 11:25:00,3,455.59000000000003,101,4,2,4,New customers
14514.0,2011-10-09 16:05:00,3,1055.35,61,3,2,2,Inactive customers
14515.0,2011-11-22 11:37:00,6,2102.09,18,2,1,1,Inactive customers
14517.0,2011-11-06 14:20:00,2,330.45,33,3,3,4,Regular customers
14518.0,2011-10-06 14:43:00,1,174.37,64,3,4,5,Regular customers
14520.0,2011-12-08 09:46:00,2,270.6,2,1,3,4,Regular customers
14522.0,2011-11-15 13:24:00,4,974.54,24,2,2,2,At-risk customers
14523.0,2011-08-23 13:13:00,1,241.09,108,4,4,5,High-value customers
14524.0,2011-11-08 12:29:00,9,1867.68,32,2,1,2,Inactive customers
14525.0,2011-11-20 11:37:00,9,4332.2,20,2,1,1,Inactive customers
14527.0,2011-12-07 12:19:00,55,8508.82,3,1,1,1,Inactive customers
14528.0,2011-11-02 17:09:00,1,364.21999999999997,37,3,4,4,Regular customers
14529.0,2011-10-10 15:27:00,3,620.04,60,3,2,3,Inactive customers
14530.0,2011-11-14 10:38:00,6,2925.91,26,2,1,1,Inactive customers
14532.0,2011-04-17 13:05:00,4,932.85,236,5,2,3,New customers
14533.0,2011-11-15 12:05:00,7,1949.72,25,2,1,2,Inactive customers
14534.0,2011-12-07 12:19:00,18,4447.05,3,1,1,1,Inactive customers
14535.0,2011-10-10 15:39:00,3,2864.19,60,3,2,1,Inactive customers
14536.0,2011-03-25 12:21:00,1,171.8,260,5,4,5,High-value customers
14537.0,2011-10-13 10:54:00,1,355.56,58,3,4,4,Regular customers
14538.0,2011-10-06 10:31:00,2,388.25,65,3,3,4,Regular customers
14539.0,2011-11-24 09:50:00,2,537.48,16,2,3,3,Regular customers
14540.0,2011-11-30 10:15:00,3,996.26,10,1,2,2,At-risk customers
14541.0,2011-10-12 10:08:00,8,1461.65,59,3,1,2,Inactive customers
14542.0,2011-06-07 08:19:00,1,103.25,186,5,4,5,High-value customers
14543.0,2011-11-11 12:45:00,16,3630.33,29,2,1,1,Inactive customers
14544.0,2011-11-15 15:06:00,2,2024.45,24,2,3,2,At-risk customers
14546.0,2011-12-04 13:00:00,5,2578.09,5,1,2,1,At-risk customers
14547.0,2011-12-06 11:06:00,8,4007.54,4,1,1,1,Inactive customers
14548.0,2011-07-12 12:19:00,2,652.8,151,4,3,3,Regular customers
14549.0,2011-02-01 13:47:00,1,289.24,311,5,4,4,High-value customers
14550.0,2011-11-29 12:12:00,2,765.62,11,1,3,3,Regular customers
14551.0,2011-11-21 13:36:00,2,186.23,18,2,3,5,Regular customers
14552.0,2011-07-11 12:49:00,1,165.07,152,4,4,5,High-value customers
14553.0,2011-11-20 13:20:00,5,859.27,19,2,2,3,At-risk customers
14554.0,2011-11-29 16:44:00,4,2381.04,10,1,2,1,At-risk customers
14555.0,2011-10-13 16:24:00,2,324.14,57,3,3,4,Regular customers
14557.0,2011-09-15 15:48:00,1,788.38,85,4,4,3,Loyal customers
14560.0,2011-12-02 15:22:00,22,2237.77,7,1,1,1,Inactive customers
14561.0,2011-09-25 12:39:00,3,1080.76,76,4,2,2,New customers
14562.0,2011-12-06 11:05:00,18,5074.77,4,1,1,1,Inactive customers
14565.0,2011-09-05 09:07:00,4,3099.12,96,4,2,1,New customers
14566.0,2011-08-21 11:05:00,1,1432.0,111,4,4,2,Loyal customers
14567.0,2011-10-14 10:21:00,2,1530.3600000000001,57,3,3,2,Inactive customers
14569.0,2011-12-08 14:58:00,1,227.39,1,1,4,5,Regular customers
14570.0,2011-03-04 10:58:00,2,218.06,281,5,3,5,Regular customers
14572.0,2011-12-06 14:40:00,7,2832.84,3,1,1,1,Inactive customers
14573.0,2011-06-13 11:15:00,9,1653.42,180,5,1,2,New customers
14576.0,2010-12-02 17:51:00,1,35.400000000000006,372,5,4,5,High-value customers
14577.0,2011-11-27 12:47:00,4,859.71,13,1,2,3,At-risk customers
14578.0,2011-12-06 17:18:00,1,168.63,3,1,4,5,Regular customers
14581.0,2011-11-23 12:39:00,1,138.6,17,2,4,5,Regular customers
14582.0,2011-10-30 11:56:00,1,114.11,41,3,4,5,Regular customers
14583.0,2011-12-04 12:32:00,5,1052.55,6,1,2,2,At-risk customers
14584.0,2011-06-23 18:33:00,4,1042.26,169,4,2,2,New customers
14585.0,2011-10-20 14:33:00,1,157.05,50,3,4,5,Regular customers
14586.0,2011-03-08 10:04:00,1,237.36,277,5,4,5,High-value customers
14587.0,2011-11-21 11:34:00,9,1601.14,19,2,1,2,Inactive customers
14589.0,2010-12-03 11:42:00,1,39.75,372,5,4,5,High-value customers
14591.0,2011-11-24 13:57:00,4,1447.14,15,2,2,2,At-risk customers
14592.0,2011-11-04 16:35:00,3,570.46,35,3,2,3,Inactive customers
14593.0,2011-11-18 12:48:00,3,617.99,22,2,2,3,At-risk customers
14594.0,2011-12-02 13:28:00,2,379.83,7,1,3,4,Regular customers
14595.0,2011-11-20 12:12:00,6,1740.6,20,2,1,2,Inactive customers
14597.0,2011-11-28 13:13:00,2,883.15,11,1,3,3,Regular customers
14598.0,2011-10-26 13:19:00,1,221.97,44,3,4,5,Regular customers
14600.0,2011-02-07 09:48:00,1,393.33000000000004,306,5,4,4,High-value customers
14601.0,2011-11-29 09:48:00,1,213.96,11,1,4,5,Regular customers
14603.0,2011-03-10 10:27:00,1,660.0,275,5,4,3,Loyal customers
14606.0,2011-12-08 19:28:00,93,12156.65,1,1,1,1,Inactive customers
14607.0,2011-11-24 10:35:00,14,16569.5,16,2,1,1,Inactive customers
14608.0,2011-12-05 16:52:00,4,1785.15,4,1,2,2,At-risk customers
14609.0,2011-09-28 12:54:00,4,601.56,72,4,2,3,New customers
14616.0,2011-04-11 09:54:00,3,406.08000000000004,243,5,2,4,New customers
14618.0,2011-11-30 13:45:00,3,553.44,9,1,2,3,At-risk customers
14619.0,2011-04-08 07:37:00,1,394.44,246,5,4,4,High-value customers
14620.0,2011-05-18 11:58:00,2,412.78000000000003,206,5,3,4,Regular customers
14621.0,2011-12-08 16:22:00,5,1788.3600000000001,1,1,2,2,At-risk customers
14622.0,2011-06-08 12:42:00,1,320.58000000000004,185,5,4,4,High-value customers
14623.0,2011-11-07 13:56:00,5,889.25,32,2,2,3,At-risk customers
14624.0,2011-10-13 13:44:00,2,225.85,57,3,3,5,Regular customers
14625.0,2011-05-27 15:32:00,2,899.63,196,5,3,3,Regular customers
14626.0,2011-11-16 10:37:00,4,2791.27,24,2,2,1,At-risk customers
14628.0,2011-09-09 14:58:00,2,671.96,91,4,3,3,Regular customers
14629.0,2011-12-05 16:55:00,2,959.01,4,1,3,2,At-risk customers
14631.0,2011-10-20 11:17:00,3,1006.98,51,3,2,2,Inactive customers
14632.0,2011-03-22 08:49:00,1,114.56,263,5,4,5,High-value customers
14633.0,2011-03-18 17:07:00,1,344.90000000000003,266,5,4,4,High-value customers
14636.0,2011-11-03 16:12:00,2,609.85,36,3,3,3,Regular customers
14638.0,2011-10-20 10:10:00,1,443.6,51,3,4,4,Regular customers
14639.0,2011-10-18 15:06:00,6,2984.49,52,3,1,1,Inactive customers
14640.0,2011-11-15 13:07:00,6,2125.08,24,2,1,1,Inactive customers
14641.0,2011-11-18 10:42:00,1,110.46,22,2,4,5,Regular customers
14642.0,2011-10-12 11:08:00,1,96.12,59,3,4,5,Regular customers
14643.0,2011-06-22 14:41:00,2,693.8100000000001,170,4,3,3,Regular customers
14644.0,2011-10-03 08:30:00,2,830.76,68,3,3,3,Regular customers
14645.0,2011-07-06 09:15:00,2,597.09,157,4,3,3,Regular customers
14646.0,2011-12-08 12:12:00,73,280206.02,2,1,1,1,Inactive customers
14647.0,2011-05-22 13:40:00,1,243.22,201,5,4,5,High-value customers
14649.0,2011-12-05 12:30:00,4,1417.29,5,1,2,2,At-risk customers
14651.0,2011-10-03 15:52:00,2,654.6,67,3,3,3,Regular customers
14652.0,2011-09-23 14:21:00,1,114.18,77,4,4,5,High-value customers
14653.0,2011-12-08 13:45:00,7,1947.55,1,1,1,2,Inactive customers
14655.0,2011-12-01 16:28:00,4,1932.23,8,1,2,2,At-risk customers
14656.0,2011-06-23 13:51:00,2,291.05,169,4,3,4,Regular customers
14657.0,2011-11-22 12:47:00,4,848.22,18,2,2,3,At-risk customers
14658.0,2011-12-04 15:35:00,2,247.15,5,1,3,5,Regular customers
14659.0,2011-12-01 12:17:00,9,2529.93,9,1,1,1,Inactive customers
14660.0,2011-09-14 11:34:00,2,285.74,87,4,3,4,Regular customers
14661.0,2011-11-13 11:51:00,1,107.95,27,2,4,5,Regular customers
14662.0,2011-11-11 12:13:00,4,771.17,29,2,2,3,At-risk customers
14664.0,2011-11-20 10:59:00,2,637.89,20,2,3,3,Regular customers
14665.0,2011-10-10 09:14:00,5,1835.7,61,3,2,2,Inactive customers
14666.0,2011-11-15 12:57:00,1,195.25,24,2,4,5,Regular customers
14667.0,2011-11-29 11:30:00,25,9241.2,11,1,1,1,Inactive customers
14669.0,2011-04-12 11:43:00,3,1269.99,242,5,2,2,New customers
14670.0,2011-03-04 14:13:00,2,411.53,280,5,3,4,Regular customers
14672.0,2011-04-19 10:19:00,2,765.55,235,5,3,3,Regular customers
14673.0,2011-12-06 14:31:00,5,1736.4,3,1,2,2,At-risk customers
14675.0,2011-11-23 12:58:00,1,604.75,16,2,4,3,Regular customers
14676.0,2011-11-08 13:29:00,6,2548.2400000000002,31,2,1,1,Inactive customers
14680.0,2011-11-14 16:59:00,16,28754.11,25,2,1,1,Inactive customers
14681.0,2011-09-29 15:52:00,3,498.95,71,3,2,3,Inactive customers
14682.0,2011-06-05 12:12:00,2,52.0,188,5,3,5,Regular customers
14684.0,2011-11-14 11:33:00,5,1236.28,26,2,2,2,At-risk customers
14687.0,2011-08-25 11:59:00,1,628.38,107,4,4,3,Loyal customers
14688.0,2011-12-02 12:26:00,21,5630.87,8,1,1,1,Inactive customers
14689.0,2011-05-15 11:22:00,1,112.8,209,5,4,5,High-value customers
14690.0,2011-10-26 15:39:00,2,371.7,44,3,3,4,Regular customers
14691.0,2011-11-09 12:30:00,5,2114.33,31,2,2,1,At-risk customers
14692.0,2011-07-25 15:08:00,4,591.55,137,4,2,3,New customers
14693.0,2011-03-20 12:50:00,1,172.9,265,5,4,5,High-value customers
14696.0,2011-12-05 13:43:00,7,2078.95,4,1,1,1,Inactive customers
14697.0,2011-05-05 15:39:00,2,188.60999999999999,218,5,3,5,Regular customers
14698.0,2011-12-08 12:26:00,5,1250.76,2,1,2,2,At-risk customers
14699.0,2011-05-09 14:54:00,1,109.13000000000001,214,5,4,5,High-value customers
14700.0,2011-11-07 14:40:00,3,2235.3,32,2,2,1,At-risk customers
14701.0,2011-11-29 12:38:00,9,2549.37,11,1,1,1,Inactive customers
14702.0,2011-12-08 19:29:00,17,3292.14,1,1,1,1,Inactive customers
14703.0,2011-11-25 09:23:00,1,318.17,15,2,4,4,Regular customers
14704.0,2011-11-28 12:51:00,9,1546.91,11,1,1,2,Inactive customers
14705.0,2011-05-25 12:39:00,1,179.0,199,5,4,5,High-value customers
14708.0,2011-12-07 08:21:00,3,1126.37,3,1,2,2,At-risk customers
14709.0,2011-11-24 15:41:00,13,4921.04,15,2,1,1,Inactive customers
14710.0,2011-11-25 14:53:00,4,606.13,14,2,2,3,At-risk customers
14711.0,2011-11-29 14:58:00,11,2868.8,10,1,1,1,Inactive customers
14712.0,2011-11-10 12:59:00,3,917.07,29,2,2,3,At-risk customers
14713.0,2011-11-30 16:26:00,11,2666.36,9,1,1,1,Inactive customers
14714.0,2011-11-15 13:07:00,1,160.19,24,2,4,5,Regular customers
14715.0,2011-11-15 12:10:00,4,867.38,25,2,2,3,At-risk customers
14716.0,2011-10-27 17:29:00,2,329.68,43,3,3,4,Regular customers
14719.0,2011-12-08 12:43:00,5,1602.13,2,1,2,2,At-risk customers
14720.0,2011-12-04 12:02:00,3,663.81,6,1,2,3,At-risk customers
14722.0,2011-07-15 14:58:00,1,187.92000000000002,147,4,4,5,High-value customers
14723.0,2011-11-29 15:23:00,6,1158.3,10,1,1,2,Inactive customers
14725.0,2011-11-15 12:42:00,1,718.08,25,2,4,3,Regular customers
14727.0,2011-03-10 14:45:00,1,268.58,274,5,4,4,High-value customers
14729.0,2010-12-01 12:43:00,1,313.49,374,5,4,4,High-value customers
14730.0,2011-12-08 14:39:00,8,2005.06,1,1,1,2,Inactive customers
14731.0,2011-10-23 15:54:00,3,380.02,47,3,2,4,Inactive customers
14732.0,2011-12-01 14:34:00,8,2702.4900000000002,8,1,1,1,Inactive customers
14733.0,2011-11-23 15:39:00,12,9585.91,16,2,1,1,Inactive customers
14735.0,2011-12-06 12:09:00,32,6065.69,4,1,1,1,Inactive customers
14737.0,2011-12-06 10:16:00,3,1164.55,4,1,2,2,At-risk customers
14738.0,2011-10-28 08:56:00,7,1314.45,43,3,1,2,Inactive customers
14739.0,2011-12-05 16:54:00,7,3902.28,4,1,1,1,Inactive customers
14740.0,2011-05-26 18:17:00,3,1448.21,197,5,2,2,New customers
14741.0,2011-11-28 08:48:00,6,1400.34,12,1,1,2,Inactive customers
14744.0,2011-11-23 12:51:00,7,1099.98,16,2,1,2,Inactive customers
14745.0,2011-08-19 10:05:00,5,1220.26,113,4,2,2,New customers
14747.0,2011-04-04 14:09:00,1,328.2,249,5,4,4,High-value customers
14748.0,2011-11-10 18:33:00,5,1415.75,29,2,2,2,At-risk customers
14752.0,2011-10-27 11:55:00,1,389.64,44,3,4,4,Regular customers
14753.0,2011-09-13 14:50:00,1,563.15,87,4,4,3,Loyal customers
14754.0,2011-10-26 12:01:00,2,638.05,45,3,3,3,Regular customers
14755.0,2011-11-30 11:24:00,11,5010.28,10,1,1,1,Inactive customers
14756.0,2011-11-24 18:13:00,1,738.96,15,2,4,3,Regular customers
14757.0,2011-09-25 14:36:00,1,420.5,75,4,4,4,High-value customers
14758.0,2011-07-18 08:21:00,4,1484.06,145,4,2,2,New customers
14759.0,2011-12-05 12:03:00,3,1625.97,5,1,2,2,At-risk customers
14760.0,2011-02-15 16:27:00,1,89.2,297,5,4,5,High-value customers
14761.0,2011-10-12 12:10:00,2,255.9,59,3,3,4,Regular customers
14762.0,2011-03-21 08:20:00,1,300.52,264,5,4,4,High-value customers
14764.0,2011-10-24 11:54:00,1,278.3,47,3,4,4,Regular customers
14765.0,2011-11-10 19:53:00,3,254.11,29,2,2,4,At-risk customers
14766.0,2011-12-01 16:05:00,6,2473.37,8,1,1,1,Inactive customers
14768.0,2011-11-22 12:54:00,2,192.60000000000002,17,2,3,5,Regular customers
14769.0,2011-12-07 10:24:00,8,10674.75,3,1,1,1,Inactive customers
14770.0,2011-04-21 14:21:00,2,876.42,232,5,3,3,Regular customers
14772.0,2011-08-19 15:04:00,1,139.26,112,4,4,5,High-value customers
14775.0,2011-10-12 15:27:00,3,1011.9,58,3,2,2,Inactive customers
14776.0,2011-10-19 15:34:00,11,2538.3,51,3,1,1,Inactive customers
14778.0,2011-08-04 15:23:00,2,730.86,127,4,3,3,Regular customers
14779.0,2011-03-04 12:42:00,3,386.15,281,5,2,4,New customers
14780.0,2011-10-16 12:46:00,2,447.68,55,3,3,4,Regular customers
14782.0,2011-01-24 11:12:00,1,200.10000000000002,320,5,4,5,High-value customers
14784.0,2011-11-13 13:30:00,2,289.99,26,2,3,4,Regular customers
14785.0,2011-11-29 13:21:00,2,77.4,10,1,3,5,Regular customers
14788.0,2011-12-02 17:06:00,2,679.4399999999999,7,1,3,3,Regular customers
14789.0,2011-11-11 08:59:00,1,197.64,29,2,4,5,Regular customers
14790.0,2011-11-23 09:28:00,4,745.06,17,2,2,3,At-risk customers
14792.0,2011-10-07 09:19:00,1,6.2,64,3,4,5,Regular customers
14793.0,2011-11-18 14:50:00,1,228.99,21,2,4,5,Regular customers
14794.0,2011-12-07 10:11:00,7,1319.91,3,1,1,2,Inactive customers
14795.0,2011-06-26 13:04:00,1,131.45000000000002,166,4,4,5,High-value customers
14796.0,2011-12-08 15:31:00,17,8022.49,1,1,1,1,Inactive customers
14798.0,2011-10-18 10:58:00,3,173.74,53,3,2,5,Inactive customers
14799.0,2011-10-19 16:16:00,1,157.7,51,3,4,5,Regular customers
14800.0,2011-10-23 12:46:00,12,4339.74,48,3,1,1,Inactive customers
14801.0,2011-10-09 15:24:00,1,193.14,61,3,4,5,Regular customers
14803.0,2011-06-30 13:58:00,3,845.55,162,4,2,3,New customers
14804.0,2011-12-01 11:20:00,1,353.27,9,1,4,4,Regular customers
14805.0,2011-11-24 16:20:00,4,554.65,15,2,2,3,At-risk customers
14806.0,2011-09-25 15:32:00,1,193.39000000000001,75,4,4,5,High-value customers
14808.0,2011-10-31 12:21:00,8,2741.17,40,3,1,1,Inactive customers
14810.0,2011-10-30 11:19:00,11,2087.88,41,3,1,1,Inactive customers
14813.0,2010-12-05 11:57:00,2,155.43,370,5,3,5,Regular customers
14815.0,2011-11-03 11:36:00,2,778.5,37,3,3,3,Regular customers
14816.0,2011-05-26 13:16:00,1,271.85,197,5,4,4,High-value customers
14817.0,2011-05-23 13:35:00,2,1110.34,200,5,3,2,Inactive customers
14818.0,2011-09-27 11:01:00,3,657.8,74,4,2,3,New customers
14819.0,2011-10-06 13:41:00,2,272.07,64,3,3,4,Regular customers
14820.0,2011-11-18 15:41:00,4,507.29,21,2,2,3,At-risk customers
14821.0,2010-12-08 08:43:00,1,48.800000000000004,367,5,4,5,High-value customers
14823.0,2011-06-12 13:12:00,3,321.43,180,5,2,4,New customers
14824.0,2011-11-29 14:20:00,4,1127.71,10,1,2,2,At-risk customers
14825.0,2011-12-06 11:38:00,12,2226.91,4,1,1,1,Inactive customers
14828.0,2011-05-27 10:16:00,3,2139.76,197,5,2,1,New customers
14829.0,2011-11-10 16:16:00,4,697.55,29,2,2,3,At-risk customers
14830.0,2011-10-17 14:29:00,1,197.13,53,3,4,5,Regular customers
14834.0,2011-11-22 10:30:00,6,1720.3,18,2,1,2,Inactive customers
14836.0,2011-11-29 16:45:00,3,102.44999999999999,10,1,2,5,At-risk customers
14837.0,2011-09-11 10:58:00,4,1649.5,90,4,2,2,New customers
14840.0,2011-03-17 12:00:00,1,62.85,268,5,4,5,High-value customers
14841.0,2011-10-17 15:03:00,6,3295.76,53,3,1,1,Inactive customers
14842.0,2011-10-27 12:37:00,4,2824.69,44,3,2,1,Inactive customers
14844.0,2011-10-07 10:41:00,4,3189.81,64,3,2,1,Inactive customers
14847.0,2011-07-14 10:52:00,1,309.4,149,4,4,4,High-value customers
14849.0,2011-11-18 10:58:00,25,7930.54,22,2,1,1,Inactive customers
14850.0,2011-02-01 11:21:00,1,325.75,312,5,4,4,High-value customers
14851.0,2011-11-16 14:20:00,2,511.35,23,2,3,3,Regular customers
14852.0,2011-10-12 13:20:00,6,2836.69,58,3,1,1,Inactive customers
14853.0,2011-11-15 16:56:00,2,475.8,24,2,3,4,Regular customers
14854.0,2011-09-22 17:00:00,7,2759.83,78,4,1,1,New customers
14855.0,2011-08-12 14:02:00,2,645.65,119,4,3,3,Regular customers
14856.0,2011-11-03 14:53:00,3,1311.3799999999999,36,3,2,2,Inactive customers
14857.0,2011-10-11 09:23:00,2,1173.12,60,3,3,2,Inactive customers
14859.0,2011-11-27 11:18:00,4,1353.74,13,1,2,2,At-risk customers
14860.0,2011-11-20 14:17:00,1,170.32,19,2,4,5,Regular customers
14861.0,2011-10-18 12:54:00,1,125.79,52,3,4,5,Regular customers
14862.0,2011-11-14 10:01:00,2,841.1999999999999,26,2,3,3,Regular customers
14863.0,2011-11-10 15:04:00,1,266.76,29,2,4,4,Regular customers
14865.0,2011-12-02 16:25:00,2,52.2,7,1,3,5,Regular customers
14866.0,2011-11-29 11:45:00,12,14389.9,11,1,1,1,Inactive customers
14867.0,2011-06-07 11:39:00,3,710.28,186,5,2,3,New customers
14868.0,2011-12-06 14:49:00,8,2953.59,3,1,1,1,Inactive customers
14869.0,2011-12-01 12:36:00,2,725.7,9,1,3,3,Regular customers
14870.0,2011-03-23 10:51:00,1,327.25,262,5,4,4,High-value customers
14871.0,2011-12-06 13:42:00,4,522.38,3,1,2,3,At-risk customers
14873.0,2011-05-13 13:52:00,1,519.68,210,5,4,3,Loyal customers
14875.0,2011-08-24 12:20:00,2,1465.3200000000002,108,4,3,2,Inactive customers
14878.0,2011-11-27 11:15:00,9,1485.54,13,1,1,2,Inactive customers
14880.0,2011-09-23 13:42:00,3,706.19,77,4,2,3,New customers
14881.0,2011-11-20 11:06:00,1,255.4,20,2,4,4,Regular customers
14882.0,2011-11-13 12:47:00,2,589.7,27,2,3,3,Regular customers
14883.0,2011-11-21 10:23:00,6,761.59,19,2,1,3,Inactive customers
14885.0,2011-07-31 12:05:00,1,765.3199999999999,132,4,4,3,Loyal customers
14886.0,2011-04-01 08:56:00,1,364.8,253,5,4,4,High-value customers
14887.0,2011-09-21 15:32:00,1,1862.0,79,4,4,2,Loyal customers
14888.0,2011-05-16 14:58:00,1,369.2,207,5,4,4,High-value customers
14889.0,2011-01-07 15:19:00,1,135.9,336,5,4,5,High-value customers
14890.0,2011-03-31 11:57:00,1,125.65,254,5,4,5,High-value customers
14891.0,2011-07-14 18:08:00,2,554.38,148,4,3,3,Regular customers
14893.0,2011-11-30 12:31:00,2,1237.8500000000001,10,1,3,2,At-risk customers
14894.0,2011-09-15 13:51:00,1,655.75,85,4,4,3,Loyal customers
14895.0,2011-12-02 09:23:00,20,11138.710000000001,8,1,1,1,Inactive customers
14896.0,2011-05-19 10:20:00,2,468.77000000000004,205,5,3,4,Regular customers
14897.0,2011-12-02 10:32:00,4,1366.38,8,1,2,2,At-risk customers
14898.0,2011-11-16 14:54:00,6,1303.52,23,2,1,2,Inactive customers
14901.0,2011-11-28 17:09:00,9,1421.29,11,1,1,2,Inactive customers
14902.0,2011-11-14 10:34:00,1,332.66,26,2,4,4,Regular customers
14903.0,2011-11-18 16:07:00,5,2810.63,21,2,2,1,At-risk customers
14904.0,2011-12-07 12:55:00,2,1025.44,2,1,3,2,At-risk customers
14905.0,2011-07-05 12:41:00,2,616.15,158,4,3,3,Regular customers
14907.0,2011-12-06 14:14:00,7,3501.1,3,1,1,1,Inactive customers
14908.0,2011-09-26 12:56:00,1,277.8,74,4,4,4,High-value customers
14910.0,2011-12-07 10:06:00,4,434.35,3,1,2,4,At-risk customers
14911.0,2011-12-08 15:54:00,201,143825.06,1,1,1,1,Inactive customers
14912.0,2011-11-23 09:20:00,2,867.85,17,2,3,3,Regular customers
14913.0,2011-11-04 08:29:00,4,1227.43,36,3,2,2,Inactive customers
14915.0,2011-09-09 13:34:00,2,307.48,91,4,3,4,Regular customers
14916.0,2011-09-30 09:20:00,4,1268.98,71,3,2,2,Inactive customers
14918.0,2011-08-16 11:50:00,2,1610.15,116,4,3,2,Inactive customers
14920.0,2011-05-11 10:32:00,2,977.77,213,5,3,2,Inactive customers
14921.0,2011-11-09 13:17:00,2,1316.07,30,2,3,2,At-risk customers
14923.0,2011-10-20 11:51:00,1,749.1,51,3,4,3,Regular customers
14924.0,2011-04-08 09:25:00,1,310.05,246,5,4,4,High-value customers
14929.0,2011-11-07 17:21:00,1,223.88,32,2,4,5,Regular customers
14930.0,2011-08-23 10:31:00,3,2372.86,109,4,2,1,New customers
14931.0,2011-12-05 10:19:00,5,1257.68,5,1,2,2,At-risk customers
14932.0,2010-12-09 11:48:00,1,363.53,366,5,5,4,High-value customers
14934.0,2011-09-19 10:10:00,2,1890.94,82,4,3,2,Inactive customers
14935.0,2011-02-15 14:44:00,1,1784.71,297,5,5,2,Loyal customers
14936.0,2011-11-06 10:30:00,8,8137.02,34,3,1,1,Inactive customers
14937.0,2011-10-14 12:29:00,3,1621.88,57,3,2,2,Inactive customers
14944.0,2011-11-10 09:10:00,12,5900.25,30,2,1,1,Inactive customers
14946.0,2011-11-25 13:33:00,1,100.9,14,2,5,5,Regular customers
14947.0,2011-09-28 15:48:00,2,290.82,72,4,3,4,Regular customers
14948.0,2011-11-16 17:16:00,6,1101.97,23,2,1,2,Inactive customers
14950.0,2011-11-20 13:48:00,1,371.2,19,2,5,4,Regular customers
14951.0,2011-09-21 15:15:00,1,311.69,79,4,5,4,High-value customers
14952.0,2011-10-11 10:33:00,11,8099.49,60,3,1,1,Inactive customers
14953.0,2011-11-14 14:59:00,1,289.82,25,2,5,4,Regular customers
14954.0,2011-11-27 14:30:00,1,336.17,12,1,5,4,Regular customers
14957.0,2011-03-31 17:59:00,1,58.49,253,5,5,5,High-value customers
14958.0,2011-07-15 14:20:00,3,499.68,147,4,2,3,New customers
14959.0,2011-10-06 18:23:00,4,695.42,64,3,2,3,Inactive customers
14960.0,2011-12-01 12:54:00,2,221.27,8,1,3,5,Regular customers
14961.0,2011-11-29 09:42:00,9,7044.68,11,1,1,1,Inactive customers
14962.0,2011-03-14 09:42:00,1,126.7,271,5,5,5,High-value customers
14963.0,2011-11-30 12:16:00,5,1487.8,10,1,2,2,At-risk customers
14964.0,2011-04-06 14:13:00,1,206.21,247,5,5,5,High-value customers
14965.0,2011-09-04 13:20:00,2,599.0,96,4,3,3,Regular customers
14966.0,2011-11-25 12:20:00,1,191.32,15,2,5,5,Regular customers
14967.0,2011-10-21 11:06:00,1,463.8,50,3,5,4,Regular customers
14968.0,2011-11-09 13:58:00,1,147.59,30,2,5,5,Regular customers
14970.0,2011-10-02 13:44:00,4,1592.06,68,3,2,2,Inactive customers
14971.0,2011-11-04 17:07:00,3,1116.57,35,3,2,2,Inactive customers
14972.0,2011-08-03 14:54:00,1,114.77,128,4,5,5,High-value customers
14973.0,2011-08-24 15:51:00,3,1314.45,107,4,2,2,New customers
14974.0,2011-11-02 13:01:00,1,114.39,37,3,5,5,Regular customers
14975.0,2011-10-13 14:08:00,1,279.94,57,3,5,4,Regular customers
14976.0,2011-10-13 16:37:00,7,790.86,57,3,1,3,Inactive customers
14978.0,2011-09-28 13:07:00,5,1931.42,72,4,2,2,New customers
14981.0,2011-04-07 13:45:00,1,102.12,246,5,5,5,High-value customers
14984.0,2011-11-20 14:28:00,2,213.27,19,2,3,5,Regular customers
14985.0,2011-05-25 14:29:00,2,296.75,198,5,3,4,Regular customers
14987.0,2011-11-24 09:59:00,2,326.4,16,2,3,4,Regular customers
14988.0,2011-05-12 12:05:00,1,334.54,212,5,5,4,High-value customers
14995.0,2011-11-01 11:39:00,2,233.23000000000002,39,3,3,5,Regular customers
14997.0,2011-10-24 13:28:00,3,546.1999999999999,46,3,2,3,Inactive customers
14998.0,2011-06-22 17:30:00,2,429.87,170,4,3,4,Regular customers
15000.0,2011-10-23 11:42:00,1,490.52,48,3,5,3,Regular customers
15002.0,2011-08-16 10:44:00,4,1641.76,116,4,2,2,New customers
15004.0,2011-07-15 14:05:00,1,1246.32,147,4,5,2,Loyal customers
15005.0,2011-11-24 12:25:00,28,6316.57,16,2,1,1,Inactive customers
15006.0,2011-10-19 15:08:00,1,502.09,51,3,5,3,Regular customers
15007.0,2011-07-03 16:00:00,1,156.91,159,4,5,5,High-value customers
15009.0,2011-11-27 13:35:00,3,1261.78,12,1,2,2,At-risk customers
15010.0,2011-11-04 12:42:00,1,308.94,36,3,5,4,Regular customers
15012.0,2011-10-17 12:22:00,2,423.04,54,3,3,4,Regular customers
15014.0,2011-10-27 20:07:00,2,260.17,43,3,3,4,Regular customers
15016.0,2011-06-20 12:06:00,1,170.04,173,4,5,5,High-value customers
15017.0,2011-11-06 10:33:00,1,125.58,34,3,5,5,Regular customers
15018.0,2011-11-01 12:47:00,3,496.21000000000004,39,3,2,3,Inactive customers
15019.0,2011-03-18 12:35:00,1,266.0,267,5,5,4,High-value customers
15021.0,2011-12-01 11:53:00,9,1914.82,9,1,1,2,Inactive customers
15022.0,2011-11-28 12:35:00,4,905.04,12,1,2,3,At-risk customers
15023.0,2011-12-06 17:23:00,11,6802.76,3,1,1,1,Inactive customers
15024.0,2011-11-30 12:06:00,10,1661.33,10,1,1,2,Inactive customers
15025.0,2011-11-06 15:20:00,1,377.01,33,3,5,4,Regular customers
15026.0,2011-09-20 13:52:00,3,469.0,80,4,2,4,New customers
15027.0,2011-11-09 10:16:00,4,1066.1499999999999,31,2,2,2,At-risk customers
15028.0,2011-12-01 14:06:00,4,627.13,8,1,2,3,At-risk customers
15030.0,2011-09-29 10:50:00,2,518.28,72,4,3,3,Regular customers
15031.0,2011-12-05 14:19:00,4,668.14,4,1,2,3,At-risk customers
15032.0,2011-03-28 15:03:00,3,4959.1,256,5,2,1,New customers
15033.0,2011-12-05 12:40:00,10,2586.67,5,1,1,1,Inactive customers
15034.0,2011-11-24 12:11:00,8,4308.61,16,2,1,1,Inactive customers
15035.0,2011-09-11 11:08:00,1,252.73000000000002,90,4,5,4,High-value customers
15036.0,2011-09-28 15:42:00,3,465.55,72,4,2,4,New customers
15038.0,2011-10-12 11:33:00,6,705.49,59,3,1,3,Inactive customers
15039.0,2011-11-30 11:31:00,47,19914.44,10,1,1,1,Inactive customers
15041.0,2011-06-22 16:16:00,1,180.35,170,4,5,5,High-value customers
15042.0,2011-05-24 16:25:00,1,135.93,199,5,5,5,High-value customers
15043.0,2011-11-08 14:26:00,1,537.0,31,2,5,3,Regular customers
15044.0,2011-11-20 13:20:00,17,7700.2300000000005,19,2,1,1,Inactive customers
15045.0,2011-07-11 11:33:00,2,735.66,152,4,3,3,Regular customers
15046.0,2011-11-30 15:50:00,15,5213.7699999999995,9,1,1,1,Inactive customers
15047.0,2011-03-15 10:49:00,1,343.62,270,5,5,4,High-value customers
15048.0,2011-10-05 14:55:00,4,384.05,65,3,2,4,Inactive customers
15049.0,2011-03-11 12:13:00,1,121.17000000000002,274,5,5,5,High-value customers
15050.0,2011-11-14 16:17:00,3,1782.09,25,2,2,2,At-risk customers
15051.0,2011-11-16 15:38:00,3,1391.61,23,2,2,2,At-risk customers
15052.0,2011-01-24 15:52:00,1,215.78,319,5,5,5,High-value customers
15053.0,2011-12-05 12:08:00,3,697.79,5,1,2,3,At-risk customers
15054.0,2011-11-27 15:02:00,2,302.1,12,1,3,4,Regular customers
15057.0,2011-03-09 15:17:00,2,1489.5,275,5,3,2,Inactive customers
15058.0,2011-11-14 14:57:00,11,2124.9900000000002,25,2,1,1,Inactive customers
15059.0,2011-10-30 11:35:00,9,1337.72,41,3,1,2,Inactive customers
15060.0,2011-12-01 13:47:00,4,303.09,8,1,2,4,At-risk customers
15061.0,2011-12-06 12:06:00,48,54534.14,4,1,1,1,Inactive customers
15062.0,2011-09-29 16:51:00,4,987.86,71,3,2,2,Inactive customers
15063.0,2011-05-10 13:25:00,1,370.79999999999995,213,5,5,4,High-value customers
15065.0,2011-11-02 09:45:00,4,3158.13,38,3,2,1,Inactive customers
15066.0,2011-10-17 13:25:00,1,893.59,53,3,5,3,Regular customers
15067.0,2011-09-22 13:20:00,3,1744.76,78,4,2,2,New customers
15068.0,2011-10-24 14:47:00,2,553.36,46,3,3,3,Regular customers
15069.0,2011-06-13 14:16:00,1,1109.53,179,5,5,2,Loyal customers
15070.0,2010-12-02 11:23:00,1,106.2,373,5,5,5,High-value customers
15071.0,2011-09-07 11:43:00,2,982.07,94,4,3,2,Inactive customers
15073.0,2011-11-30 10:44:00,3,1043.41,10,1,2,2,At-risk customers
15074.0,2011-08-26 14:45:00,1,748.87,105,4,5,3,Loyal customers
15075.0,2011-09-23 12:27:00,1,773.03,78,4,5,3,Loyal customers
15076.0,2011-06-20 08:23:00,1,880.85,173,4,5,3,Loyal customers
15078.0,2011-12-02 15:41:00,32,9743.11,7,1,1,1,Inactive customers
15079.0,2011-05-11 12:45:00,4,895.61,213,5,2,3,New customers
15081.0,2011-11-17 17:08:00,5,504.8,22,2,2,3,At-risk customers
15083.0,2011-03-28 12:18:00,1,88.2,257,5,5,5,High-value customers
15087.0,2011-03-03 10:34:00,1,306.94,282,5,5,4,High-value customers
15088.0,2011-11-18 13:14:00,2,1160.07,21,2,3,2,At-risk customers
15089.0,2011-11-29 16:31:00,6,2420.84,10,1,1,1,Inactive customers
15090.0,2011-02-04 14:03:00,1,381.32,308,5,5,4,High-value customers
15091.0,2011-10-03 12:47:00,1,480.71,68,3,5,4,Regular customers
15092.0,2011-05-08 14:10:00,2,457.81,215,5,3,4,Regular customers
15093.0,2011-11-21 13:09:00,6,4597.02,18,2,1,1,Inactive customers
15095.0,2011-08-28 12:01:00,4,1370.6,104,4,2,2,New customers
15096.0,2011-10-28 10:27:00,1,219.39000000000001,43,3,5,5,Regular customers
15097.0,2011-12-05 14:03:00,1,248.08,4,1,5,5,Regular customers
15098.0,2011-06-10 15:33:00,3,39916.5,182,5,2,1,New customers
15099.0,2011-09-16 13:13:00,1,410.48,84,4,5,4,High-value customers
15100.0,2011-01-10 10:35:00,3,876.0,334,5,2,3,New customers
15101.0,2011-12-01 10:18:00,2,317.53,9,1,3,4,Regular customers
15103.0,2011-11-08 14:53:00,2,703.36,31,2,3,3,Regular customers
15104.0,2011-05-27 12:29:00,2,1027.44,197,5,3,2,Inactive customers
15105.0,2011-11-21 16:54:00,7,2298.93,18,2,1,1,Inactive customers
15106.0,2011-11-22 09:16:00,5,1422.52,18,2,2,2,At-risk customers
15107.0,2011-02-01 14:46:00,6,319.5,311,5,1,4,New customers
15108.0,2011-07-21 10:24:00,4,1300.25,142,4,2,2,New customers
15109.0,2011-04-08 09:58:00,1,484.95,246,5,5,4,High-value customers
15110.0,2011-11-16 11:16:00,4,996.1,24,2,2,2,At-risk customers
15111.0,2011-11-10 16:58:00,3,1567.48,29,2,2,2,At-risk customers
15113.0,2011-11-30 08:23:00,3,3609.33,10,1,2,1,At-risk customers
15114.0,2011-11-09 15:05:00,10,2760.56,30,2,1,1,Inactive customers
15115.0,2011-11-21 14:59:00,1,340.11,18,2,5,4,Regular customers
15116.0,2011-11-22 12:25:00,4,1352.75,18,2,2,2,At-risk customers
15117.0,2011-11-25 08:12:00,5,1551.78,15,2,2,2,At-risk customers
15118.0,2011-07-28 14:54:00,1,244.8,134,4,5,5,High-value customers
15119.0,2011-04-08 09:08:00,1,266.4,246,5,5,4,High-value customers
15120.0,2011-07-29 09:48:00,1,358.82,134,4,5,4,High-value customers
15121.0,2011-10-20 14:51:00,2,457.72,50,3,3,4,Regular customers
15122.0,2011-08-17 16:48:00,3,1633.78,114,4,2,2,New customers
15123.0,2011-12-02 13:12:00,2,2199.31,7,1,3,1,At-risk customers
15124.0,2011-11-17 10:09:00,2,184.19,23,2,3,5,Regular customers
15125.0,2011-11-14 13:57:00,15,11528.48,25,2,1,1,Inactive customers
15127.0,2011-10-05 10:30:00,1,406.53,66,3,5,4,Regular customers
15128.0,2011-10-10 13:54:00,4,1471.0,60,3,2,2,Inactive customers
15129.0,2011-10-20 14:40:00,11,3447.4,50,3,1,1,Inactive customers
15130.0,2011-06-23 10:15:00,1,330.11,170,4,5,4,High-value customers
15132.0,2011-11-21 17:10:00,5,977.9300000000001,18,2,2,2,At-risk customers
15133.0,2011-08-04 10:44:00,3,982.42,128,4,2,2,New customers
15134.0,2011-11-25 08:55:00,8,1387.99,15,2,1,2,Inactive customers
15135.0,2011-04-14 19:16:00,1,139.05,239,5,5,5,High-value customers
15136.0,2011-12-07 12:26:00,4,1286.7,3,1,2,2,At-risk customers
15139.0,2011-04-14 11:39:00,2,178.96,240,5,3,5,Regular customers
15140.0,2011-10-18 14:07:00,7,2354.25,52,3,1,1,Inactive customers
15142.0,2011-10-24 12:51:00,1,498.74,46,3,5,3,Regular customers
15143.0,2011-04-28 12:03:00,1,259.45,226,5,5,4,High-value customers
15144.0,2011-12-01 15:12:00,17,6580.44,8,1,1,1,Inactive customers
15145.0,2011-12-05 17:21:00,4,1194.73,4,1,2,2,At-risk customers
15146.0,2011-06-28 12:09:00,2,1327.16,165,4,3,2,Inactive customers
15147.0,2011-04-13 15:57:00,1,623.5,240,5,5,3,Loyal customers
15148.0,2011-11-29 08:21:00,1,301.29,11,1,5,4,Regular customers
15149.0,2011-07-29 10:58:00,1,520.8000000000001,134,4,5,3,Loyal customers
15150.0,2011-11-22 12:52:00,10,5314.47,17,2,1,1,Inactive customers
15152.0,2011-11-30 12:32:00,13,4745.69,10,1,1,1,Inactive customers
15153.0,2011-11-08 17:09:00,1,329.25,31,2,5,4,Regular customers
15154.0,2011-09-25 16:05:00,1,296.42,75,4,5,4,High-value customers
15156.0,2011-12-08 18:22:00,3,961.49,1,1,2,2,At-risk customers
15157.0,2011-12-06 11:28:00,3,1936.07,4,1,2,2,At-risk customers
15158.0,2011-10-25 13:53:00,1,401.40000000000003,45,3,5,4,Regular customers
15159.0,2011-12-08 12:05:00,30,18641.010000000002,2,1,1,1,Inactive customers
15160.0,2010-12-17 14:15:00,1,158.16,357,5,5,5,High-value customers
15163.0,2011-11-21 13:10:00,2,304.47,18,2,3,4,Regular customers
15164.0,2011-10-02 12:05:00,3,843.05,69,3,2,3,Inactive customers
15165.0,2010-12-01 14:03:00,1,487.75,373,5,5,4,High-value customers
15167.0,2011-01-23 12:41:00,1,163.0,321,5,5,5,High-value customers
15168.0,2011-11-14 11:26:00,1,106.56,26,2,5,5,Regular customers
15171.0,2011-01-12 15:36:00,1,1289.5,331,5,5,2,Loyal customers
15172.0,2011-12-01 11:51:00,5,1624.05,9,1,2,2,At-risk customers
15174.0,2011-01-21 09:06:00,1,135.75,323,5,5,5,High-value customers
15175.0,2011-09-29 11:31:00,1,224.14,72,4,5,5,High-value customers
15178.0,2011-03-24 15:12:00,1,40.5,260,5,5,5,High-value customers
15179.0,2011-11-21 12:53:00,5,2206.95,18,2,2,1,At-risk customers
15180.0,2010-12-07 14:57:00,1,87.5,367,5,5,5,High-value customers
15181.0,2011-10-04 13:58:00,3,689.4799999999999,66,3,2,3,Inactive customers
15182.0,2011-07-08 13:37:00,2,622.85,154,4,3,3,Regular customers
15184.0,2011-11-10 13:41:00,2,406.76,29,2,3,4,Regular customers
15185.0,2011-09-30 14:06:00,1,310.62,70,3,5,4,Regular customers
15186.0,2011-11-25 14:58:00,2,411.41,14,2,3,4,Regular customers
15187.0,2011-12-08 11:56:00,16,4777.18,2,1,1,1,Inactive customers
15189.0,2011-12-08 13:22:00,41,16225.39,1,1,1,1,Inactive customers
15192.0,2011-08-12 11:41:00,3,1044.32,120,4,2,2,New customers
15193.0,2011-10-10 08:23:00,1,499.32,61,3,5,3,Regular customers
15194.0,2011-12-06 15:10:00,15,7616.53,3,1,1,1,Inactive customers
15195.0,2011-12-07 12:20:00,1,3861.0,3,1,5,1,At-risk customers
15197.0,2011-11-29 10:00:00,3,1079.6100000000001,11,1,2,2,At-risk customers
15198.0,2011-09-08 14:42:00,2,193.64,92,4,3,5,Regular customers
15199.0,2011-10-11 15:12:00,4,1268.7,59,3,2,2,Inactive customers
15201.0,2011-09-13 14:53:00,5,1236.54,87,4,2,2,New customers
15203.0,2011-11-14 08:16:00,6,1827.8,26,2,1,2,Inactive customers
15204.0,2010-12-17 13:49:00,1,316.58,357,5,5,4,High-value customers
15205.0,2011-09-15 19:36:00,2,653.24,85,4,3,3,Regular customers
15206.0,2011-11-29 13:41:00,4,420.29999999999995,10,1,2,4,At-risk customers
15208.0,2011-12-08 17:24:00,5,870.12,1,1,2,3,At-risk customers
15210.0,2011-04-28 16:11:00,1,331.18,225,5,5,4,High-value customers
15211.0,2011-10-10 13:31:00,2,894.4100000000001,60,3,3,3,Regular customers
15212.0,2011-04-12 13:45:00,1,101.8,241,5,5,5,High-value customers
15213.0,2011-01-25 12:21:00,2,328.35,319,5,3,4,Regular customers
15214.0,2011-12-08 12:07:00,8,1661.44,2,1,1,2,Inactive customers
15215.0,2011-10-24 11:41:00,3,734.94,47,3,2,3,Inactive customers
15216.0,2011-09-13 11:41:00,1,96.6,88,4,5,5,High-value customers
15218.0,2011-11-29 11:48:00,11,5756.89,11,1,1,1,Inactive customers
15219.0,2011-06-16 16:57:00,1,305.75,176,4,5,4,High-value customers
15220.0,2011-10-19 12:39:00,6,1778.96,52,3,1,2,Inactive customers
15221.0,2010-12-08 13:08:00,1,403.25,366,5,5,4,High-value customers
15222.0,2011-01-25 08:03:00,1,585.0,319,5,5,3,Loyal customers
15223.0,2011-04-28 11:31:00,2,755.75,226,5,3,3,Regular customers
15224.0,2010-12-16 15:02:00,2,322.08,358,5,3,4,Regular customers
15225.0,2011-04-19 14:51:00,1,409.40000000000003,234,5,5,4,High-value customers
15226.0,2011-02-02 11:41:00,1,154.41,311,5,5,5,High-value customers
15227.0,2011-11-03 11:59:00,5,1219.4,37,3,2,2,Inactive customers
15228.0,2011-10-04 13:56:00,4,3386.71,66,3,2,1,Inactive customers
15230.0,2011-04-14 14:39:00,2,429.6,239,5,3,4,Regular customers
15232.0,2011-08-18 16:27:00,2,612.06,113,4,3,3,Regular customers
15234.0,2011-03-08 08:53:00,1,197.0,277,5,5,5,High-value customers
15235.0,2011-05-06 09:44:00,12,2247.51,218,5,1,1,New customers
15236.0,2011-02-14 10:52:00,1,321.05,299,5,5,4,High-value customers
15237.0,2011-12-08 09:46:00,4,1412.32,2,1,2,2,At-risk customers
15238.0,2011-11-10 14:28:00,3,1071.99,29,2,2,2,At-risk customers
15239.0,2011-11-29 14:14:00,2,780.59,10,1,3,3,Regular customers
15240.0,2011-10-26 09:50:00,5,1706.57,45,3,2,2,Inactive customers
15241.0,2011-10-04 09:05:00,8,1756.44,67,3,1,2,Inactive customers
15243.0,2011-09-26 14:12:00,1,316.68,74,4,5,4,High-value customers
15244.0,2011-10-05 13:19:00,2,631.57,65,3,3,3,Regular customers
15245.0,2011-07-28 18:56:00,3,2515.84,134,4,3,1,Inactive customers
15246.0,2011-04-15 14:45:00,2,514.15,238,5,3,3,Regular customers
15247.0,2011-08-09 12:52:00,1,356.0,122,4,5,4,High-value customers
15249.0,2011-11-08 11:45:00,13,6688.46,32,2,1,1,Inactive customers
15251.0,2011-11-30 15:02:00,11,10484.99,9,1,1,1,Inactive customers
15252.0,2011-11-03 13:30:00,2,740.78,36,3,3,3,Regular customers
15253.0,2011-11-23 16:22:00,5,918.1999999999999,16,2,2,3,At-risk customers
15254.0,2011-08-04 15:04:00,1,300.36,127,4,5,4,High-value customers
15255.0,2011-10-04 12:43:00,1,890.85,67,3,5,3,Regular customers
15256.0,2011-07-14 11:47:00,1,98.45,149,4,5,5,High-value customers
15257.0,2011-03-01 12:58:00,1,317.15,283,5,5,4,High-value customers
15258.0,2011-06-24 12:30:00,2,623.16,169,4,3,3,Regular customers
15260.0,2011-08-31 13:55:00,7,1810.77,100,4,1,2,New customers
15261.0,2011-07-27 15:20:00,1,254.82,135,4,5,4,High-value customers
15262.0,2011-01-20 12:16:00,1,178.95000000000002,324,5,5,5,High-value customers
15263.0,2011-08-25 10:26:00,1,156.51,107,4,5,5,High-value customers
15264.0,2011-10-06 13:49:00,1,393.74,64,3,5,4,Regular customers
15265.0,2011-07-11 14:46:00,2,1506.1200000000001,151,4,3,2,Inactive customers
15266.0,2011-01-05 13:40:00,1,119.3,338,5,5,5,High-value customers
15267.0,2011-11-17 15:59:00,5,1717.36,22,2,2,2,At-risk customers
15269.0,2011-11-16 09:32:00,1,408.8,24,2,5,4,Regular customers
15270.0,2011-11-24 09:24:00,7,2379.49,16,2,1,1,Inactive customers
15271.0,2011-12-02 14:11:00,15,2507.07,7,1,1,1,Inactive customers
15272.0,2011-10-13 12:59:00,2,721.94,57,3,3,3,Regular customers
15274.0,2011-12-05 16:57:00,2,716.57,4,1,3,3,Regular customers
15275.0,2011-11-02 11:20:00,1,615.14,38,3,5,3,Regular customers
15276.0,2011-10-04 16:39:00,1,135.31,66,3,5,5,Regular customers
15277.0,2011-10-24 10:08:00,1,255.89999999999998,47,3,5,4,Regular customers
15279.0,2010-12-20 10:48:00,1,290.51,355,5,5,4,High-value customers
15280.0,2011-06-20 17:14:00,1,113.12,172,4,5,5,High-value customers
15281.0,2011-10-12 09:10:00,9,2332.15,59,3,1,1,Inactive customers
15286.0,2011-10-21 11:08:00,1,240.55,50,3,5,5,Regular customers
15287.0,2011-11-17 15:34:00,2,486.69,22,2,3,4,Regular customers
15288.0,2011-10-27 16:58:00,5,2306.52,43,3,2,1,Inactive customers
15289.0,2011-11-10 13:49:00,3,939.78,29,2,3,3,Regular customers
15290.0,2011-12-05 11:39:00,18,7943.22,5,1,1,1,Inactive customers
15291.0,2011-11-14 11:02:00,15,4668.3,26,2,1,1,Inactive customers
15292.0,2011-05-22 15:00:00,1,180.94,201,5,5,5,High-value customers
15296.0,2011-10-20 11:47:00,6,3672.86,51,3,1,1,Inactive customers
15297.0,2011-11-29 16:32:00,3,641.94,10,1,3,3,Regular customers
15298.0,2011-12-07 17:17:00,12,4799.9,2,1,1,1,Inactive customers
15299.0,2011-10-03 14:19:00,7,4507.01,67,3,1,1,Inactive customers
15300.0,2011-10-06 17:08:00,1,496.44,64,3,5,3,Regular customers
15301.0,2011-10-20 09:57:00,12,5070.35,51,3,1,1,Inactive customers
15303.0,2011-02-22 13:59:00,1,574.02,290,5,5,3,Loyal customers
15304.0,2011-10-10 10:23:00,8,694.4000000000001,61,3,1,3,Inactive customers
15306.0,2011-10-06 12:56:00,3,1174.35,64,3,3,2,Inactive customers
15307.0,2011-09-05 11:38:00,1,205.3,96,4,5,5,High-value customers
15308.0,2011-03-10 13:08:00,1,310.47,274,5,5,4,High-value customers
15311.0,2011-12-09 12:00:00,91,60767.9,1,1,1,1,Inactive customers
15312.0,2011-09-25 13:10:00,4,924.85,75,4,2,3,New customers
15313.0,2011-08-21 16:02:00,1,52.0,110,4,5,5,High-value customers
15314.0,2011-05-24 14:39:00,1,327.97,199,5,5,4,High-value customers
15315.0,2011-10-06 12:51:00,2,570.5,64,3,3,3,Regular customers
15316.0,2011-01-17 11:34:00,1,165.0,327,5,5,5,High-value customers
15318.0,2011-12-06 11:30:00,1,312.62,4,1,5,4,Regular customers
15319.0,2011-03-01 12:48:00,1,204.5,284,5,5,5,High-value customers
15320.0,2011-10-26 13:27:00,1,267.13,44,3,5,4,Regular customers
15321.0,2011-09-30 09:40:00,3,2748.31,71,3,3,1,Inactive customers
15322.0,2011-09-15 09:34:00,1,679.68,86,4,5,3,Loyal customers
15325.0,2011-08-28 11:55:00,1,162.29,104,4,5,5,High-value customers
15326.0,2011-01-10 11:38:00,1,311.71,334,5,5,4,High-value customers
15327.0,2011-10-18 11:55:00,1,208.75,53,3,5,5,Regular customers
15329.0,2011-10-31 15:36:00,3,1049.7,39,3,3,2,Inactive customers
15330.0,2011-11-07 17:50:00,2,714.96,32,2,3,3,Regular customers
15332.0,2010-12-08 14:43:00,4,1661.06,366,5,2,2,New customers
15333.0,2011-05-15 13:27:00,1,1028.56,208,5,5,2,Loyal customers
15334.0,2011-07-06 11:22:00,3,351.67,157,4,3,4,Regular customers
15335.0,2011-10-17 12:50:00,1,173.97,54,3,5,5,Regular customers
15339.0,2011-10-04 12:51:00,2,574.07,66,3,3,3,Regular customers
15341.0,2011-09-20 09:40:00,1,2020.52,81,4,5,2,Loyal customers
15342.0,2011-08-02 10:19:00,1,406.09,130,4,5,4,High-value customers
15343.0,2011-09-13 13:55:00,1,364.5,87,4,5,4,High-value customers
15344.0,2011-12-09 10:45:00,3,563.94,1,1,3,3,Regular customers
15345.0,2011-10-25 11:28:00,1,393.54,46,3,5,4,Regular customers
15346.0,2011-01-11 11:18:00,1,252.42000000000002,333,5,5,4,High-value customers
15347.0,2010-12-08 15:25:00,1,201.60000000000002,366,5,5,5,High-value customers
15348.0,2011-09-28 13:17:00,1,158.04,72,4,5,5,High-value customers
15349.0,2011-07-04 16:06:00,2,473.81,158,4,3,4,Regular customers
15350.0,2010-12-01 13:33:00,1,115.65,373,5,5,5,High-value customers
15351.0,2011-11-27 12:52:00,7,1960.1100000000001,12,1,1,2,Inactive customers
15353.0,2011-03-30 12:15:00,2,777.02,255,5,3,3,Regular customers
15355.0,2011-11-10 13:44:00,2,277.05,29,2,3,4,Regular customers
15356.0,2011-11-08 13:11:00,10,2766.5,31,2,1,1,Inactive customers
15358.0,2011-12-05 09:04:00,22,8347.2,5,1,1,1,Inactive customers
15360.0,2011-10-31 09:35:00,1,427.93,40,3,5,4,Regular customers
15361.0,2010-12-13 09:52:00,1,418.92,362,5,5,4,High-value customers
15363.0,2010-12-02 12:28:00,1,326.0,373,5,5,4,High-value customers
15364.0,2011-09-05 09:46:00,2,913.19,96,4,3,3,Regular customers
15365.0,2011-11-14 08:29:00,7,2314.32,26,2,1,1,Inactive customers
15366.0,2011-09-25 15:01:00,2,602.51,75,4,3,3,Regular customers
15367.0,2011-10-13 14:13:00,4,1877.59,57,3,2,2,Inactive customers
15368.0,2011-11-18 14:42:00,1,446.94000000000005,21,2,5,4,Regular customers
15370.0,2011-10-30 10:58:00,7,2386.05,41,3,1,1,Inactive customers
15372.0,2011-07-25 16:39:00,1,2007.3999999999999,137,4,5,2,Loyal customers
15373.0,2011-12-01 15:05:00,12,2415.91,8,1,1,1,Inactive customers
15374.0,2011-08-03 09:59:00,1,168.0,129,4,5,5,High-value customers
15376.0,2011-10-30 15:04:00,3,1233.3600000000001,40,3,3,2,Inactive customers
15379.0,2011-06-23 13:13:00,7,3703.29,169,4,1,1,New customers
15380.0,2011-12-01 12:13:00,5,1690.2600000000002,9,1,2,2,At-risk customers
15381.0,2011-05-10 11:55:00,2,596.85,214,5,3,3,Regular customers
15382.0,2011-11-25 10:58:00,6,5955.71,15,2,1,1,Inactive customers
15384.0,2011-06-23 10:57:00,2,642.41,170,4,3,3,Regular customers
15385.0,2011-10-30 15:11:00,1,316.88,40,3,5,4,Regular customers
15386.0,2011-06-06 13:47:00,1,394.14,186,5,5,4,High-value customers
15388.0,2011-03-14 13:53:00,1,140.54,270,5,5,5,High-value customers
15389.0,2011-06-20 16:18:00,1,500.0,172,4,5,3,Loyal customers
15392.0,2011-12-05 11:01:00,4,1535.53,5,1,2,2,At-risk customers
15393.0,2011-11-23 16:48:00,2,231.86,16,2,3,5,Regular customers
15394.0,2011-11-30 11:49:00,4,2183.54,10,1,2,1,At-risk customers
15395.0,2011-01-18 12:40:00,1,107.45,326,5,5,5,High-value customers
15396.0,2011-08-19 10:56:00,1,288.18,113,4,5,4,High-value customers
15397.0,2011-02-23 09:25:00,1,94.0,290,5,5,5,High-value customers
15398.0,2011-11-23 16:47:00,2,1345.53,16,2,3,2,At-risk customers
15399.0,2011-12-08 13:04:00,3,815.77,1,1,3,3,Regular customers
15400.0,2011-09-08 13:57:00,5,716.2,92,4,2,3,New customers
15402.0,2011-07-14 12:17:00,2,626.77,149,4,3,3,Regular customers
15405.0,2011-06-03 14:44:00,1,349.1,189,5,5,4,High-value customers
15406.0,2011-11-08 13:22:00,2,510.71000000000004,31,2,3,3,Regular customers
15407.0,2011-11-06 11:55:00,4,1056.44,34,3,2,2,Inactive customers
15408.0,2011-03-20 15:02:00,1,267.18,264,5,5,4,High-value customers
15410.0,2011-09-16 14:47:00,8,3450.84,84,4,1,1,New customers
15411.0,2011-11-13 15:19:00,4,1358.88,26,2,2,2,At-risk customers
15412.0,2011-06-21 15:24:00,1,190.53,171,4,5,5,High-value customers
15414.0,2011-11-30 09:50:00,3,774.9000000000001,10,1,3,3,Regular customers
15415.0,2011-01-30 14:13:00,1,572.8100000000001,313,5,5,3,Loyal customers
15416.0,2011-10-06 09:38:00,4,3984.32,65,3,2,1,Inactive customers
15417.0,2011-09-15 15:26:00,1,508.8,85,4,5,3,Loyal customers
15419.0,2011-11-15 09:23:00,1,135.86,25,2,5,5,Regular customers
15421.0,2011-10-12 09:20:00,4,950.36,59,3,2,2,Inactive customers
15422.0,2011-01-20 16:17:00,2,97.7,323,5,3,5,Regular customers
15423.0,2011-11-01 14:01:00,1,43.5,38,3,5,5,Regular customers
15424.0,2011-03-30 13:02:00,2,383.34,254,5,3,4,Regular customers
15426.0,2011-11-20 15:36:00,5,1447.39,19,2,2,2,At-risk customers
15427.0,2011-11-06 14:29:00,3,1483.14,33,3,3,2,Inactive customers
15428.0,2011-11-24 16:54:00,1,93.78,15,2,5,5,Regular customers
15429.0,2011-11-13 12:28:00,2,397.35,27,2,3,4,Regular customers
15432.0,2011-11-16 16:30:00,1,171.19,23,2,5,5,Regular customers
15433.0,2011-05-10 10:45:00,2,533.3,214,5,3,3,Regular customers
15434.0,2011-12-01 13:33:00,5,1041.48,8,1,2,2,At-risk customers
15435.0,2011-11-17 16:39:00,1,149.29,22,2,5,5,Regular customers
15436.0,2011-11-27 16:05:00,3,1122.53,12,1,3,2,At-risk customers
15437.0,2011-03-22 13:11:00,1,200.16,262,5,5,5,High-value customers
15438.0,2011-07-31 14:19:00,1,156.57999999999998,131,4,5,5,High-value customers
15440.0,2011-10-16 12:16:00,3,383.68,55,3,3,4,Regular customers
15442.0,2011-04-05 12:24:00,1,594.0,249,5,5,3,Loyal customers
15443.0,2011-12-08 10:40:00,7,3236.91,2,1,1,1,Inactive customers
15444.0,2011-11-30 17:37:00,2,1418.26,9,1,3,2,At-risk customers
15445.0,2011-03-20 15:06:00,1,113.5,264,5,5,5,High-value customers
15447.0,2011-01-13 11:26:00,1,155.17,331,5,5,5,High-value customers
15448.0,2011-01-31 10:42:00,1,494.64,313,5,5,3,Loyal customers
15449.0,2011-11-13 15:02:00,3,974.52,26,2,3,2,At-risk customers
15450.0,2011-11-09 17:11:00,1,429.84,30,2,5,4,Regular customers
15452.0,2011-11-10 12:13:00,3,538.73,30,2,3,3,Regular customers
15453.0,2011-12-08 10:59:00,7,1388.37,2,1,1,2,Inactive customers
15454.0,2010-12-12 14:21:00,1,179.1,362,5,5,5,High-value customers
15456.0,2011-03-01 13:51:00,3,447.22,283,5,3,4,Regular customers
15457.0,2011-03-22 15:31:00,1,237.07,262,5,5,5,High-value customers
15458.0,2011-11-14 13:08:00,1,161.64,25,2,5,5,Regular customers
15460.0,2010-12-20 16:08:00,1,216.76,354,5,5,5,High-value customers
15462.0,2011-09-06 13:11:00,3,234.6,94,4,3,5,Regular customers
15463.0,2011-11-10 12:57:00,1,126.14,29,2,5,5,Regular customers
15464.0,2011-01-05 15:56:00,1,1048.85,338,5,5,2,Loyal customers
15465.0,2011-11-20 10:11:00,18,7354.62,20,2,1,1,Inactive customers
15466.0,2011-09-15 14:08:00,1,334.53,85,4,5,4,High-value customers
15467.0,2011-11-30 14:17:00,3,524.88,9,1,3,3,Regular customers
15468.0,2011-10-19 13:49:00,2,467.51,51,3,3,4,Regular customers
15469.0,2011-10-20 16:21:00,2,538.55,50,3,3,3,Regular customers
15471.0,2011-12-07 14:12:00,1,469.48,2,1,5,4,Regular customers
15472.0,2011-08-18 15:17:00,1,371.56,113,4,5,4,High-value customers
15473.0,2011-11-25 15:15:00,7,1771.2,14,2,1,2,Inactive customers
15475.0,2011-09-23 15:20:00,1,454.10999999999996,77,4,5,4,High-value customers
15478.0,2011-10-30 14:19:00,2,1441.42,40,3,3,2,Inactive customers
15480.0,2011-08-15 14:32:00,1,905.5,116,4,5,3,Loyal customers
15482.0,2011-11-24 10:46:00,12,11054.96,16,2,1,1,Inactive customers
15483.0,2011-07-01 13:07:00,4,233.81,161,4,2,5,New customers
15484.0,2011-12-08 15:03:00,4,3594.31,1,1,2,1,At-risk customers
15485.0,2011-11-09 14:31:00,3,2575.0,30,2,3,1,At-risk customers
15488.0,2011-09-08 10:11:00,1,91.32000000000001,93,4,5,5,High-value customers
15489.0,2011-11-17 08:53:00,3,1134.28,23,2,3,2,At-risk customers
15491.0,2011-09-05 15:56:00,6,3100.09,95,4,1,1,New customers
15492.0,2011-11-11 14:53:00,2,659.4599999999999,28,2,3,3,Regular customers
15493.0,2011-11-07 12:04:00,5,2001.8,33,3,2,2,Inactive customers
15494.0,2011-11-18 14:51:00,2,1299.23,21,2,3,2,At-risk customers
15497.0,2011-11-22 11:51:00,2,1262.2,18,2,3,2,At-risk customers
15498.0,2011-12-07 12:48:00,27,13316.4,3,1,1,1,Inactive customers
15500.0,2011-12-01 13:47:00,4,1131.56,8,1,2,2,At-risk customers
15502.0,2011-11-24 12:48:00,12,10384.93,16,2,1,1,Inactive customers
15503.0,2010-12-12 10:57:00,1,147.09,363,5,5,5,High-value customers
15504.0,2011-09-19 13:45:00,1,52.83,81,4,5,5,High-value customers
15505.0,2011-10-18 07:56:00,5,3610.96,53,3,2,1,Inactive customers
15506.0,2011-11-17 12:11:00,3,979.26,23,2,3,2,At-risk customers
15507.0,2011-06-21 11:19:00,1,492.36,172,4,5,3,Loyal customers
15508.0,2011-06-03 15:43:00,6,1000.27,189,5,1,2,New customers
15510.0,2011-01-13 12:10:00,1,250.0,331,5,5,5,High-value customers
15511.0,2011-11-28 09:43:00,5,909.23,12,1,2,3,At-risk customers
15512.0,2011-07-07 10:20:00,2,121.0,156,4,3,5,Regular customers
15513.0,2011-11-06 14:36:00,19,14758.220000000001,33,3,1,1,Inactive customers
15514.0,2011-11-27 14:40:00,11,4139.46,12,1,1,1,Inactive customers
15516.0,2011-10-26 10:51:00,3,62.43,45,3,3,5,Regular customers
15517.0,2011-04-20 14:02:00,1,267.03,233,5,5,4,High-value customers
15518.0,2011-10-06 13:05:00,8,1942.45,64,3,1,2,Inactive customers
15520.0,2011-12-08 10:58:00,1,343.5,2,1,5,4,Regular customers
15521.0,2011-10-30 13:42:00,8,3000.2,40,3,1,1,Inactive customers
15522.0,2011-11-07 11:26:00,2,398.84,33,3,3,4,Regular customers
15523.0,2011-09-16 16:29:00,1,412.01000000000005,84,4,5,4,High-value customers
15524.0,2011-11-15 12:09:00,1,440.0,25,2,5,4,Regular customers
15525.0,2011-12-07 14:43:00,3,825.92,2,1,3,3,Regular customers
15526.0,2011-11-06 15:04:00,2,148.44,33,3,3,5,Regular customers
15527.0,2011-11-21 12:17:00,8,2429.78,19,2,1,1,Inactive customers
15528.0,2011-03-30 16:14:00,1,229.33,254,5,5,5,High-value customers
15529.0,2011-11-17 11:29:00,11,3995.23,23,2,1,1,Inactive customers
15530.0,2011-11-18 12:25:00,4,1502.35,22,2,2,2,At-risk customers
15531.0,2011-12-01 18:43:00,2,2007.44,8,1,3,2,At-risk customers
15532.0,2011-11-14 14:51:00,4,1580.93,25,2,2,2,At-risk customers
15533.0,2011-11-20 15:35:00,3,807.57,19,2,3,3,Regular customers
15535.0,2011-06-19 16:02:00,4,536.4,173,4,2,3,New customers
15537.0,2011-06-29 13:10:00,1,110.92,163,4,5,5,High-value customers
15539.0,2011-12-02 13:36:00,1,538.46,7,1,5,3,Regular customers
15540.0,2011-11-28 13:51:00,1,213.3,11,1,5,5,Regular customers
15541.0,2011-08-17 14:58:00,1,85.13000000000001,114,4,5,5,High-value customers
15543.0,2011-02-24 15:26:00,1,127.86,288,5,5,5,High-value customers
15544.0,2011-11-30 16:43:00,9,3546.71,9,1,1,1,Inactive customers
15545.0,2011-10-16 13:24:00,2,292.71999999999997,54,3,3,4,Regular customers
15547.0,2011-12-02 12:52:00,14,4954.84,7,1,1,1,Inactive customers
15549.0,2011-09-23 16:22:00,3,1693.26,77,4,3,2,Inactive customers
15550.0,2011-12-05 15:38:00,4,575.63,4,1,2,3,At-risk customers
15551.0,2011-11-03 12:37:00,1,436.06,37,3,5,4,Regular customers
15552.0,2011-05-06 14:47:00,1,90.12,217,5,5,5,High-value customers
15553.0,2011-10-10 14:02:00,1,437.23,60,3,5,4,Regular customers
15554.0,2011-03-07 09:00:00,1,217.2,278,5,5,5,High-value customers
15555.0,2011-11-27 16:19:00,16,4805.17,12,1,1,1,Inactive customers
15556.0,2011-11-15 16:08:00,1,279.77,24,2,5,4,Regular customers
15557.0,2011-11-11 12:46:00,1,473.65000000000003,29,2,5,4,Regular customers
15561.0,2011-11-28 11:07:00,4,800.59,12,1,2,3,At-risk customers
15562.0,2010-12-23 09:55:00,1,134.55,352,5,5,5,High-value customers
15563.0,2011-11-17 14:50:00,4,1400.44,22,2,2,2,At-risk customers
15565.0,2011-10-20 14:33:00,2,173.16,50,3,3,5,Regular customers
15567.0,2011-11-21 10:48:00,1,186.01,19,2,5,5,Regular customers
15568.0,2011-12-07 11:27:00,3,758.29,3,1,3,3,Regular customers
15569.0,2011-08-28 10:15:00,5,1375.71,104,4,2,2,New customers
15570.0,2011-12-02 14:47:00,12,4165.52,7,1,1,1,Inactive customers
15571.0,2011-11-28 10:02:00,4,650.4300000000001,12,1,2,3,At-risk customers
15572.0,2011-12-05 10:09:00,7,2552.86,5,1,1,1,Inactive customers
15573.0,2011-11-08 11:38:00,2,607.45,32,2,3,3,Regular customers
15574.0,2011-06-15 12:01:00,4,702.25,178,4,2,3,New customers
15576.0,2011-11-02 12:03:00,1,940.6700000000001,38,3,5,3,Regular customers
15577.0,2011-07-11 17:03:00,3,258.88,151,4,3,4,Regular customers
15578.0,2011-06-30 13:03:00,1,127.1,162,4,5,5,High-value customers
15579.0,2011-10-02 12:45:00,2,348.6,69,3,3,4,Regular customers
15581.0,2011-08-11 09:38:00,13,3679.9700000000003,121,4,1,1,New customers
15582.0,2011-11-15 09:55:00,3,682.9100000000001,25,2,3,3,Regular customers
15584.0,2011-11-16 10:55:00,4,725.11,24,2,2,3,At-risk customers
15585.0,2011-06-16 08:38:00,1,455.3,177,4,5,4,High-value customers
15587.0,2011-10-20 13:37:00,4,913.6800000000001,50,3,2,3,Inactive customers
15589.0,2011-03-29 09:54:00,3,478.53000000000003,256,5,3,4,Regular customers
15592.0,2011-10-24 08:59:00,1,388.58,47,3,5,4,Regular customers
15593.0,2011-09-30 11:46:00,1,199.8,71,3,5,5,Regular customers
15594.0,2011-11-24 08:53:00,5,1771.78,16,2,2,2,At-risk customers
15596.0,2011-08-31 10:55:00,5,1406.59,101,4,2,2,New customers
15597.0,2011-11-04 13:26:00,1,324.57,35,3,5,4,Regular customers
15598.0,2011-10-17 16:04:00,1,240.68,53,3,5,5,Regular customers
15599.0,2011-11-13 11:44:00,2,761.74,27,2,3,3,Regular customers
15601.0,2011-11-28 15:15:00,14,6776.56,11,1,1,1,Inactive customers
15602.0,2011-12-01 14:14:00,9,1297.8700000000001,8,1,1,2,Inactive customers
15603.0,2011-09-22 10:04:00,1,48.480000000000004,79,4,5,5,High-value customers
15604.0,2011-10-18 14:47:00,1,216.39,52,3,5,5,Regular customers
15605.0,2011-11-03 14:17:00,5,1198.23,36,3,2,2,Inactive customers
15606.0,2011-10-09 15:47:00,9,2920.16,61,3,1,1,Inactive customers
15607.0,2011-01-07 12:44:00,1,104.76,337,5,5,5,High-value customers
15608.0,2011-11-11 13:20:00,4,1093.68,28,2,2,2,At-risk customers
15609.0,2011-06-08 13:00:00,1,298.48,184,5,5,4,High-value customers
15610.0,2011-10-19 10:36:00,1,112.46000000000001,52,3,5,5,Regular customers
15611.0,2011-11-30 12:36:00,13,1591.45,10,1,1,2,Inactive customers
15612.0,2011-11-03 14:52:00,2,195.15,36,3,3,5,Regular customers
15615.0,2011-11-29 14:42:00,23,10399.74,10,1,1,1,Inactive customers
15618.0,2011-11-07 08:34:00,4,776.851,33,3,2,3,Inactive customers
15619.0,2011-11-29 08:14:00,1,336.40000000000003,11,1,5,4,Regular customers
15620.0,2011-10-14 12:41:00,3,1553.18,57,3,3,2,Inactive customers
15621.0,2011-12-05 14:01:00,4,1293.03,4,1,2,2,At-risk customers
15622.0,2011-10-27 16:44:00,9,3709.56,43,3,1,1,Inactive customers
15623.0,2011-07-21 17:26:00,1,301.03,141,4,5,4,High-value customers
15624.0,2011-08-15 11:38:00,4,588.13,117,4,2,3,New customers
15625.0,2011-08-28 10:21:00,4,1534.26,104,4,2,2,New customers
15626.0,2011-09-26 10:03:00,2,675.8,75,4,3,3,Regular customers
15628.0,2011-12-05 10:24:00,9,2870.2400000000002,5,1,1,1,Inactive customers
15630.0,2011-10-25 15:36:00,2,1186.35,45,3,3,2,Inactive customers
15632.0,2011-11-24 09:51:00,8,3285.31,16,2,1,1,Inactive customers
15634.0,2011-11-22 16:28:00,1,243.55,17,2,5,5,Regular customers
15636.0,2011-09-11 11:17:00,2,724.76,90,4,3,3,Regular customers
15637.0,2011-10-18 08:28:00,1,223.36,53,3,5,5,Regular customers
15639.0,2011-07-28 14:30:00,1,425.32,134,4,5,4,High-value customers
15640.0,2011-12-05 14:35:00,15,12515.66,4,1,1,1,Inactive customers
15641.0,2011-08-26 14:04:00,4,1887.2,105,4,2,2,New customers
15643.0,2011-06-01 07:38:00,3,664.0,192,5,3,3,Regular customers
15644.0,2011-06-26 14:54:00,4,813.0,166,4,2,3,New customers
15645.0,2011-11-21 11:55:00,1,612.01,19,2,5,3,Regular customers
15646.0,2011-07-05 09:53:00,3,447.64000000000004,158,4,3,4,Regular customers
15648.0,2011-05-19 15:53:00,2,657.35,204,5,3,3,Regular customers
15649.0,2011-01-07 13:34:00,2,816.0,336,5,3,3,Regular customers
15651.0,2011-11-03 08:41:00,3,646.3,37,3,3,3,Regular customers
15652.0,2011-09-09 14:22:00,1,337.74,91,4,5,4,High-value customers
15653.0,2011-09-08 10:49:00,2,877.4399999999999,93,4,3,3,Regular customers
15654.0,2011-11-30 13:08:00,2,922.53,9,1,3,3,Regular customers
15655.0,2011-04-10 15:25:00,1,560.67,243,5,5,3,Loyal customers
15656.0,2011-10-25 14:56:00,4,748.5,45,3,2,3,Inactive customers
15657.0,2011-11-17 12:19:00,1,30.0,23,2,5,5,Regular customers
15658.0,2011-06-02 15:22:00,5,1024.1000000000001,190,5,2,2,New customers
15659.0,2011-10-27 09:23:00,1,306.45,44,3,5,4,Regular customers
15660.0,2011-11-14 16:58:00,9,1600.86,25,2,1,2,Inactive customers
15661.0,2011-01-26 13:56:00,2,309.8,317,5,3,4,Regular customers
15663.0,2011-08-25 15:50:00,1,138.14,106,4,5,5,High-value customers
15664.0,2011-10-20 10:57:00,1,386.43,51,3,5,4,Regular customers
15665.0,2011-06-24 14:57:00,2,2242.01,168,4,3,1,Inactive customers
15667.0,2011-10-31 10:56:00,1,301.32,40,3,5,4,Regular customers
15668.0,2011-05-06 10:39:00,1,76.32000000000001,218,5,5,5,High-value customers
15669.0,2011-10-30 16:03:00,4,684.34,40,3,2,3,Inactive customers
15670.0,2011-02-16 10:50:00,1,173.05,297,5,5,5,High-value customers
15671.0,2011-11-21 12:43:00,7,2657.13,19,2,1,1,Inactive customers
15673.0,2011-09-12 16:12:00,4,2881.02,88,4,2,1,New customers
15674.0,2011-09-27 15:17:00,5,2446.6,73,4,2,1,New customers
15675.0,2011-09-19 13:48:00,3,323.69,81,4,3,4,Regular customers
15676.0,2011-11-21 12:40:00,3,3435.76,19,2,3,1,At-risk customers
15677.0,2011-10-21 15:36:00,1,657.23,49,3,5,3,Regular customers
15678.0,2011-10-18 09:25:00,1,352.7,53,3,5,4,Regular customers
15679.0,2011-11-15 16:19:00,4,781.28,24,2,2,3,At-risk customers
15680.0,2011-11-30 13:46:00,3,1333.68,9,1,3,2,At-risk customers
15681.0,2011-11-14 16:30:00,5,1426.16,25,2,2,2,At-risk customers
15683.0,2011-08-14 12:56:00,1,193.75,117,4,5,5,High-value customers
15687.0,2011-12-01 08:33:00,9,2993.1,9,1,1,1,Inactive customers
15689.0,2011-08-12 09:37:00,2,254.1,120,4,3,4,Regular customers
15690.0,2011-12-05 15:59:00,2,239.76,4,1,3,5,Regular customers
15691.0,2011-04-01 15:13:00,1,136.8,252,5,5,5,High-value customers
15692.0,2011-11-11 14:12:00,1,191.04,28,2,5,5,Regular customers
15694.0,2011-12-09 09:44:00,14,6479.4,1,1,1,1,Inactive customers
15695.0,2011-03-18 08:32:00,2,409.98,267,5,3,4,Regular customers
15696.0,2011-11-06 14:02:00,8,2736.46,33,3,1,1,Inactive customers
15699.0,2011-11-22 08:26:00,1,309.65,18,2,5,4,Regular customers
15700.0,2011-06-20 16:53:00,2,696.68,172,4,3,3,Regular customers
15701.0,2011-12-07 14:39:00,4,1542.14,2,1,2,2,At-risk customers
15703.0,2011-03-20 10:51:00,1,211.5,265,5,5,5,High-value customers
15704.0,2011-07-22 13:35:00,4,2293.62,140,4,2,1,New customers
15705.0,2011-05-22 15:37:00,1,143.1,201,5,5,5,High-value customers
15706.0,2011-10-07 10:09:00,4,1060.56,64,3,2,2,Inactive customers
15707.0,2011-11-04 14:35:00,4,945.58,35,3,2,2,Inactive customers
15708.0,2011-10-30 10:54:00,7,3364.2400000000002,41,3,1,1,Inactive customers
15709.0,2011-03-01 10:38:00,1,133.25,284,5,5,5,High-value customers
15712.0,2011-11-30 14:09:00,5,1072.3600000000001,9,1,2,2,At-risk customers
15713.0,2011-07-19 13:34:00,2,356.7,143,4,3,4,Regular customers
15714.0,2011-11-28 11:26:00,2,330.88,12,1,3,4,Regular customers
15716.0,2011-07-17 11:59:00,4,1118.81,146,4,2,2,New customers
15717.0,2011-04-19 13:21:00,1,150.3,234,5,5,5,High-value customers
15719.0,2011-11-07 12:29:00,13,5045.61,33,3,1,1,Inactive customers
15720.0,2011-11-15 14:48:00,1,598.73,24,2,5,3,Regular customers
15721.0,2011-11-28 12:14:00,1,507.08,12,1,5,3,Regular customers
15722.0,2011-11-04 11:43:00,5,2222.56,36,3,2,1,Inactive customers
15723.0,2010-12-10 11:12:00,1,203.1,365,5,5,5,High-value customers
15724.0,2011-05-22 14:40:00,2,218.25,201,5,3,5,Regular customers
15725.0,2011-11-24 14:51:00,1,415.25,15,2,5,4,Regular customers
15727.0,2011-11-23 12:36:00,7,5178.96,17,2,1,1,Inactive customers
15729.0,2011-05-11 12:36:00,1,85.0,213,5,5,5,High-value customers
15730.0,2011-10-05 12:31:00,3,1120.88,66,3,3,2,Inactive customers
15732.0,2011-05-11 14:24:00,2,294.12,212,5,3,4,Regular customers
15733.0,2011-03-02 09:05:00,1,162.3,283,5,5,5,High-value customers
15734.0,2011-08-17 10:50:00,2,1339.45,115,4,3,2,Inactive customers
15737.0,2011-11-25 11:21:00,8,1205.1200000000001,15,2,1,2,Inactive customers
15738.0,2011-11-21 08:26:00,16,4812.42,19,2,1,1,Inactive customers
15739.0,2011-10-04 13:42:00,1,449.12,66,3,5,4,Regular customers
15740.0,2011-10-21 14:29:00,1,154.88,49,3,5,5,Regular customers
15743.0,2011-11-23 17:19:00,4,784.46,16,2,2,3,At-risk customers
15744.0,2011-09-23 09:52:00,1,34.8,78,4,5,5,High-value customers
15745.0,2011-11-20 13:45:00,4,1094.59,19,2,2,2,At-risk customers
15746.0,2011-07-28 15:21:00,1,196.88,134,4,5,5,High-value customers
15747.0,2011-11-27 12:26:00,3,974.04,13,1,3,2,At-risk customers
15748.0,2011-10-30 12:51:00,1,149.31,40,3,5,5,Regular customers
15749.0,2011-04-18 13:20:00,3,44534.3,235,5,3,1,Inactive customers
15750.0,2011-12-07 12:34:00,8,2465.48,3,1,1,1,Inactive customers
15752.0,2011-10-31 11:37:00,7,2637.38,40,3,1,1,Inactive customers
15753.0,2011-02-08 12:41:00,1,79.2,305,5,5,5,High-value customers
15754.0,2011-10-19 14:40:00,3,458.57,51,3,3,4,Regular customers
15755.0,2011-11-29 14:57:00,6,2364.25,10,1,1,1,Inactive customers
15756.0,2011-10-09 13:30:00,4,532.96,61,3,2,3,Inactive customers
15757.0,2011-10-05 12:14:00,2,714.42,66,3,3,3,Regular customers
15758.0,2011-11-15 10:48:00,1,205.25,25,2,5,5,Regular customers
15759.0,2011-05-05 15:13:00,3,253.04,218,5,3,4,Regular customers
15762.0,2011-10-05 16:15:00,2,583.75,65,3,3,3,Regular customers
15763.0,2011-11-08 09:44:00,2,1086.92,32,2,3,2,At-risk customers
15764.0,2011-09-12 17:58:00,6,3279.97,88,4,1,1,New customers
15766.0,2011-10-06 17:03:00,1,315.06,64,3,5,4,Regular customers
15768.0,2011-08-16 10:48:00,3,621.8299999999999,116,4,3,3,Regular customers
15769.0,2011-12-02 13:52:00,26,56252.72,7,1,1,1,Inactive customers
15773.0,2011-12-04 12:48:00,1,635.6800000000001,6,1,5,3,Regular customers
15774.0,2011-10-02 12:04:00,1,270.8,69,3,5,4,Regular customers
15775.0,2011-04-08 12:56:00,1,104.9,245,5,5,5,High-value customers
15776.0,2011-07-29 13:46:00,1,241.62,133,4,5,5,High-value customers
15777.0,2011-04-12 16:43:00,4,1047.11,241,5,2,2,New customers
15780.0,2011-06-09 12:01:00,3,475.28000000000003,184,5,3,4,Regular customers
15781.0,2011-11-14 14:57:00,3,345.46,25,2,3,4,Regular customers
15782.0,2011-11-30 10:49:00,3,2614.7400000000002,10,1,3,1,At-risk customers
15783.0,2011-11-29 09:50:00,1,246.3,11,1,5,5,Regular customers
15785.0,2011-11-07 11:33:00,5,2328.9700000000003,33,3,2,1,Inactive customers
15786.0,2011-10-24 14:13:00,3,4932.2,46,3,3,1,Inactive customers
15787.0,2011-11-13 14:55:00,3,948.05,26,2,3,2,At-risk customers
15789.0,2010-12-16 14:35:00,1,351.3,358,5,5,4,High-value customers
15790.0,2011-11-29 14:53:00,1,220.85,10,1,5,5,Regular customers
15791.0,2011-10-27 10:14:00,2,1612.69,44,3,3,2,Inactive customers
15793.0,2011-11-25 09:31:00,3,965.61,15,2,3,2,At-risk customers
15795.0,2011-07-13 10:43:00,1,610.01,150,4,5,3,Loyal customers
15796.0,2011-12-08 19:55:00,8,2711.56,1,1,1,1,Inactive customers
15797.0,2011-08-18 17:04:00,4,2207.4,113,4,2,1,New customers
15799.0,2011-09-25 12:46:00,3,884.14,76,4,3,3,Regular customers
15800.0,2011-08-24 14:23:00,2,699.08,107,4,3,3,Regular customers
15801.0,2011-10-24 13:52:00,3,1063.95,46,3,3,2,Inactive customers
15802.0,2011-07-20 11:38:00,1,451.42,143,4,5,4,High-value customers
15803.0,2011-10-19 14:56:00,1,415.82000000000005,51,3,5,4,Regular customers
15804.0,2011-12-09 12:31:00,13,4206.39,1,1,1,1,Inactive customers
15805.0,2011-11-16 16:32:00,17,5528.4800000000005,23,2,1,1,Inactive customers
15806.0,2011-10-24 14:35:00,3,784.58,46,3,3,3,Regular customers
15807.0,2011-10-20 14:10:00,3,903.9,50,3,3,3,Regular customers
15808.0,2011-02-06 14:33:00,4,3734.9700000000003,306,5,2,1,New customers
15809.0,2011-11-03 16:40:00,5,515.77,36,3,2,3,Inactive customers
15810.0,2011-09-22 09:38:00,4,1391.98,79,4,2,2,New customers
15811.0,2011-11-17 15:31:00,6,2218.62,22,2,1,1,Inactive customers
15812.0,2011-08-24 14:19:00,5,1801.14,107,4,2,2,New customers
15813.0,2011-05-16 08:13:00,2,1303.9099999999999,208,5,3,2,Inactive customers
15814.0,2011-11-23 08:17:00,4,1945.33,17,2,2,2,At-risk customers
15815.0,2011-10-07 12:42:00,5,2100.6,64,3,2,1,Inactive customers
15819.0,2011-10-21 14:50:00,4,1905.45,49,3,2,2,Inactive customers
15820.0,2011-01-24 12:00:00,1,206.98,320,5,5,5,High-value customers
15821.0,2011-10-26 15:48:00,2,570.96,44,3,3,3,Regular customers
15822.0,2011-12-06 14:50:00,2,885.47,3,1,3,3,Regular customers
15823.0,2010-12-02 15:08:00,1,15.0,372,5,5,5,High-value customers
15825.0,2011-06-20 13:27:00,1,532.94,172,4,5,3,Loyal customers
15826.0,2011-10-14 16:05:00,3,1654.31,56,3,3,2,Inactive customers
15827.0,2011-09-27 15:35:00,14,1836.0900000000001,73,4,1,2,New customers
15829.0,2011-09-01 16:45:00,2,636.14,99,4,3,3,Regular customers
15830.0,2011-11-02 10:40:00,1,576.0,38,3,5,3,Regular customers
15831.0,2011-10-12 13:14:00,3,801.76,58,3,3,3,Regular customers
15832.0,2011-03-30 15:29:00,1,836.79,254,5,5,3,Loyal customers
15834.0,2011-09-30 14:41:00,4,2233.75,70,3,2,1,Inactive customers
15835.0,2011-10-26 15:47:00,4,954.09,44,3,2,2,Inactive customers
15836.0,2011-10-20 17:13:00,1,137.37,50,3,5,5,Regular customers
15837.0,2011-10-06 09:01:00,1,391.98,65,3,5,4,Regular customers
15838.0,2011-11-28 14:00:00,19,33643.08,11,1,1,1,Inactive customers
15839.0,2011-11-06 13:54:00,3,1048.49,33,3,3,2,Inactive customers
15840.0,2011-10-12 09:08:00,2,355.56,59,3,3,4,Regular customers
15841.0,2011-09-28 12:15:00,4,1224.06,73,4,2,2,New customers
15843.0,2011-02-09 10:19:00,1,118.95000000000002,304,5,5,5,High-value customers
15844.0,2011-10-24 15:19:00,1,130.73999999999998,46,3,5,5,Regular customers
15845.0,2011-11-22 09:42:00,8,3711.77,18,2,1,1,Inactive customers
15847.0,2011-11-01 14:41:00,2,389.27,38,3,3,4,Regular customers
15850.0,2011-11-20 14:14:00,2,238.85,19,2,3,5,Regular customers
15852.0,2011-06-06 11:22:00,2,160.71,187,5,3,5,Regular customers
15853.0,2011-10-19 10:38:00,1,110.8,52,3,5,5,Regular customers
15854.0,2011-12-05 13:39:00,12,2974.65,4,1,1,1,Inactive customers
15855.0,2011-07-26 10:20:00,5,712.24,137,4,2,3,New customers
15856.0,2011-12-05 17:09:00,27,16387.57,4,1,1,1,Inactive customers
15857.0,2011-11-21 12:18:00,1,297.0,19,2,5,4,Regular customers
15858.0,2011-11-24 12:48:00,5,1438.85,16,2,2,2,At-risk customers
15860.0,2011-10-30 11:25:00,8,977.21,41,3,1,2,Inactive customers
15861.0,2011-11-27 15:59:00,8,3165.36,12,1,1,1,Inactive customers
15862.0,2011-12-01 13:28:00,4,832.88,8,1,2,3,At-risk customers
15863.0,2011-11-14 12:49:00,2,68.84,26,2,3,5,Regular customers
15864.0,2011-11-17 13:32:00,6,1936.3200000000002,22,2,1,2,Inactive customers
15865.0,2011-10-30 12:43:00,3,895.13,41,3,3,3,Regular customers
15866.0,2011-08-30 14:09:00,1,230.53,101,4,5,5,High-value customers
15867.0,2011-12-04 13:32:00,15,3812.64,5,1,1,1,Inactive customers
15869.0,2011-03-07 17:23:00,2,149.64,277,5,3,5,Regular customers
15870.0,2011-11-07 10:58:00,1,354.09000000000003,33,3,5,4,Regular customers
15872.0,2011-11-25 11:55:00,2,360.93,15,2,3,4,Regular customers
15874.0,2011-10-07 12:31:00,7,4405.88,64,3,1,1,Inactive customers
15877.0,2011-12-08 11:53:00,2,493.28,2,1,3,3,Regular customers
15880.0,2010-12-05 13:00:00,1,343.28000000000003,369,5,5,4,High-value customers
15881.0,2011-01-31 16:59:00,5,501.39000000000004,312,5,2,3,New customers
15882.0,2011-05-25 11:35:00,4,516.36,199,5,2,3,New customers
15883.0,2011-12-07 17:05:00,2,396.48,2,1,3,4,Regular customers
15885.0,2011-09-08 10:43:00,3,379.35,93,4,3,4,Regular customers
15886.0,2011-10-10 14:25:00,1,181.09,60,3,5,5,Regular customers
15888.0,2011-09-20 12:30:00,1,168.31,81,4,5,5,High-value customers
15889.0,2011-07-06 11:10:00,2,446.87,157,4,3,4,Regular customers
15891.0,2011-04-27 12:35:00,1,524.52,227,5,5,3,Loyal customers
15894.0,2011-03-31 13:50:00,2,263.55,253,5,3,4,Regular customers
15895.0,2011-07-13 10:27:00,1,179.17,150,4,5,5,High-value customers
15897.0,2011-05-29 13:50:00,2,222.05,194,5,3,5,Regular customers
15898.0,2011-12-08 15:23:00,5,1388.88,1,1,2,2,At-risk customers
15899.0,2010-12-06 10:36:00,1,56.25,369,5,5,5,High-value customers
15900.0,2011-11-16 12:19:00,1,351.11,24,2,5,4,Regular customers
15901.0,2011-11-23 12:43:00,3,363.88,17,2,3,4,Regular customers
15903.0,2011-11-30 08:08:00,7,5126.76,10,1,1,1,Inactive customers
15904.0,2011-12-01 14:50:00,1,164.68,8,1,5,5,Regular customers
15906.0,2011-11-20 12:24:00,7,1567.69,20,2,1,2,Inactive customers
15907.0,2011-12-06 12:21:00,3,967.45,4,1,3,2,At-risk customers
15909.0,2011-06-19 10:38:00,1,191.94,174,4,5,5,High-value customers
15910.0,2011-12-09 10:51:00,8,1232.18,1,1,1,2,Inactive customers
15912.0,2011-06-14 14:29:00,2,264.62,178,4,3,4,Regular customers
15916.0,2011-11-23 13:46:00,8,1528.09,16,2,1,2,Inactive customers
15917.0,2011-04-06 10:40:00,1,123.1,248,5,5,5,High-value customers
15918.0,2011-06-02 11:42:00,2,334.23,191,5,3,4,Regular customers
15919.0,2011-11-20 11:28:00,2,639.89,20,2,3,3,Regular customers
15920.0,2011-07-08 15:31:00,4,167.5,154,4,2,5,New customers
15921.0,2011-06-20 11:03:00,1,336.03000000000003,173,4,5,4,High-value customers
15922.0,2010-12-01 13:51:00,1,369.5,373,5,5,4,High-value customers
15923.0,2010-12-02 12:16:00,1,127.08,373,5,5,5,High-value customers
15925.0,2011-05-29 15:35:00,1,207.15,194,5,5,5,High-value customers
15930.0,2011-10-03 14:52:00,1,426.63,67,3,5,4,Regular customers
15932.0,2011-12-05 17:13:00,8,2495.87,4,1,1,1,Inactive customers
15933.0,2011-11-18 13:14:00,3,1107.46,21,2,3,2,At-risk customers
15935.0,2011-04-14 13:27:00,2,416.86,239,5,3,4,Regular customers
15937.0,2011-10-06 15:48:00,1,145.35,64,3,5,5,Regular customers
15938.0,2011-08-19 12:56:00,5,404.58,112,4,2,4,New customers
15939.0,2011-09-11 11:30:00,15,6115.01,90,4,1,1,New customers
15940.0,2011-02-01 16:18:00,1,35.8,311,5,5,5,High-value customers
15942.0,2011-07-29 09:01:00,1,337.44,134,4,5,4,High-value customers
15944.0,2011-03-08 10:33:00,1,325.1,277,5,5,4,High-value customers
15945.0,2010-12-09 13:14:00,1,181.0,365,5,5,5,High-value customers
15947.0,2011-09-18 10:46:00,1,1708.24,83,4,5,2,Loyal customers
15948.0,2011-12-01 15:32:00,2,955.24,8,1,3,2,At-risk customers
15949.0,2011-11-23 09:09:00,2,364.72,17,2,3,4,Regular customers
15950.0,2011-11-08 11:09:00,4,1765.51,32,2,2,2,At-risk customers
15951.0,2011-12-01 08:34:00,2,708.22,9,1,3,3,Regular customers
15952.0,2011-11-06 11:18:00,4,806.57,34,3,2,3,Inactive customers
15953.0,2011-11-24 15:32:00,8,1659.3799999999999,15,2,1,2,Inactive customers
15955.0,2011-11-15 14:15:00,14,4416.26,24,2,1,1,Inactive customers
15957.0,2011-11-08 12:14:00,1,428.89,32,2,5,4,Regular customers
15958.0,2011-09-26 13:41:00,1,104.35,74,4,5,5,High-value customers
15963.0,2011-11-20 11:33:00,2,470.76,20,2,3,4,Regular customers
15965.0,2011-11-22 16:44:00,4,845.64,17,2,2,3,At-risk customers
15967.0,2011-11-16 15:41:00,2,418.83,23,2,3,4,Regular customers
15969.0,2011-12-07 11:06:00,3,666.1,3,1,3,3,Regular customers
15970.0,2011-02-09 12:08:00,1,314.1,304,5,5,4,High-value customers
15971.0,2011-11-22 12:50:00,12,4199.85,18,2,1,1,Inactive customers
15973.0,2010-12-08 11:42:00,1,307.82000000000005,367,5,5,4,High-value customers
15974.0,2011-10-31 13:13:00,7,3442.15,39,3,1,1,Inactive customers
15975.0,2011-09-16 13:33:00,1,371.01,84,4,5,4,High-value customers
15976.0,2011-06-27 13:00:00,2,430.94,165,4,3,4,Regular customers
15977.0,2011-11-22 13:29:00,2,1054.73,17,2,3,2,At-risk customers
15978.0,2011-09-23 15:21:00,1,1098.78,77,4,5,2,Loyal customers
15980.0,2011-09-12 09:41:00,3,2398.86,89,4,3,1,Inactive customers
15981.0,2011-11-15 08:00:00,8,3408.48,25,2,1,1,Inactive customers
15983.0,2011-11-17 17:34:00,4,1475.02,22,2,2,2,At-risk customers
15984.0,2011-12-07 12:16:00,10,2837.67,3,1,1,1,Inactive customers
15985.0,2011-08-08 16:31:00,2,1142.42,123,4,3,2,Inactive customers
15986.0,2011-11-09 15:17:00,1,168.12,30,2,5,5,Regular customers
15987.0,2011-11-27 15:38:00,7,1451.28,12,1,1,2,Inactive customers
15988.0,2011-11-20 13:23:00,1,158.03,19,2,5,5,Regular customers
15990.0,2011-10-26 15:58:00,2,792.11,44,3,3,3,Regular customers
15992.0,2011-12-06 11:00:00,1,41.989999999999995,4,1,5,5,Regular customers
15993.0,2011-12-01 10:45:00,7,2797.57,9,1,1,1,Inactive customers
15994.0,2011-10-16 12:28:00,1,427.07,55,3,5,4,Regular customers
15996.0,2011-09-12 15:14:00,6,1060.68,88,4,1,2,New customers
15998.0,2011-11-03 12:45:00,5,3089.97,37,3,2,1,Inactive customers
16000.0,2011-12-07 12:17:00,3,12393.7,3,1,3,1,At-risk customers
16003.0,2011-11-10 09:57:00,5,2735.37,30,2,2,1,At-risk customers
16005.0,2011-11-27 13:47:00,4,615.39,12,1,2,3,At-risk customers
16006.0,2011-05-12 13:12:00,1,101.4,211,5,5,5,High-value customers
16007.0,2011-10-23 11:05:00,4,1701.94,48,3,2,2,Inactive customers
16008.0,2011-11-16 10:32:00,3,478.78,24,2,3,4,Regular customers
16009.0,2011-11-17 16:51:00,4,992.71,22,2,2,2,At-risk customers
16010.0,2011-04-08 10:14:00,3,407.5,246,5,3,4,Regular customers
16011.0,2011-12-01 16:31:00,16,3362.71,8,1,1,1,Inactive customers
16012.0,2011-11-04 13:25:00,3,1415.29,35,3,3,2,Inactive customers
16013.0,2011-12-06 10:36:00,47,37130.6,4,1,1,1,Inactive customers
16014.0,2011-11-02 12:04:00,3,662.38,38,3,3,3,Regular customers
16015.0,2011-12-06 10:58:00,3,705.39,4,1,3,3,Regular customers
16016.0,2011-12-06 14:35:00,8,1508.76,3,1,1,2,Inactive customers
16017.0,2011-10-23 12:56:00,1,211.88,47,3,5,5,Regular customers
16018.0,2011-10-31 14:13:00,2,408.90000000000003,39,3,3,4,Regular customers
16019.0,2011-10-24 11:51:00,9,3786.2400000000002,47,3,1,1,Inactive customers
16020.0,2011-11-23 11:18:00,3,851.01,17,2,3,3,Regular customers
16022.0,2011-03-24 13:16:00,1,628.28,260,5,5,3,Loyal customers
16023.0,2011-10-24 16:34:00,3,719.81,46,3,3,3,Regular customers
16024.0,2011-11-27 13:26:00,1,251.24,12,1,5,4,Regular customers
16025.0,2011-11-10 11:45:00,1,439.65999999999997,30,2,5,4,Regular customers
16026.0,2011-10-27 13:53:00,1,236.09,43,3,5,5,Regular customers
16027.0,2011-09-09 10:47:00,6,934.62,92,4,1,3,New customers
16029.0,2011-11-01 10:27:00,63,81024.84,39,3,1,1,Inactive customers
16030.0,2011-02-03 11:28:00,1,331.24,310,5,5,4,High-value customers
16031.0,2011-09-08 13:07:00,2,548.94,92,4,3,3,Regular customers
16033.0,2011-12-04 12:44:00,20,8816.4,6,1,1,1,Inactive customers
16034.0,2011-05-27 16:17:00,3,437.7,196,5,3,4,Regular customers
16036.0,2011-09-13 14:53:00,2,758.92,87,4,3,3,Regular customers
16037.0,2011-03-15 09:13:00,3,855.02,270,5,3,3,Regular customers
16038.0,2011-12-02 12:40:00,3,471.78000000000003,8,1,3,4,Regular customers
16040.0,2011-10-05 13:47:00,3,1313.55,65,3,3,2,Inactive customers
16041.0,2011-11-09 12:25:00,3,3166.4,31,2,3,1,At-risk customers
16042.0,2011-11-17 17:50:00,5,1197.27,22,2,2,2,At-risk customers
16043.0,2011-11-02 12:50:00,4,773.99,38,3,2,3,Inactive customers
16045.0,2011-08-12 12:41:00,4,1340.7,120,4,2,2,New customers
16048.0,2010-12-01 15:28:00,2,256.44,373,5,3,4,Regular customers
16049.0,2011-10-30 13:19:00,3,1111.79,40,3,3,2,Inactive customers
16050.0,2011-06-19 11:44:00,1,137.9,174,4,5,5,High-value customers
16052.0,2011-10-16 15:13:00,1,362.06,54,3,5,4,Regular customers
16053.0,2011-11-07 11:21:00,2,1511.95,33,3,3,2,Inactive customers
16054.0,2011-07-17 13:08:00,1,783.9,145,4,5,3,Loyal customers
16055.0,2011-05-03 09:26:00,1,134.8,221,5,5,5,High-value customers
16056.0,2011-10-25 15:19:00,1,664.85,45,3,5,3,Regular customers
16057.0,2011-11-23 15:23:00,7,2263.12,16,2,1,1,Inactive customers
16059.0,2011-10-05 09:56:00,6,1459.8600000000001,66,3,1,2,Inactive customers
16062.0,2011-11-30 12:15:00,4,1153.62,10,1,2,2,At-risk customers
16063.0,2011-03-24 14:56:00,1,335.32,260,5,5,4,High-value customers
16065.0,2010-12-09 13:03:00,1,372.09,365,5,5,4,High-value customers
16066.0,2011-11-23 11:54:00,5,1521.87,17,2,2,2,At-risk customers
16070.0,2011-11-17 15:50:00,2,852.15,22,2,3,3,Regular customers
16071.0,2011-10-26 11:14:00,1,326.24,45,3,5,4,Regular customers
16072.0,2011-02-24 14:32:00,1,584.3199999999999,288,5,5,3,Loyal customers
16073.0,2011-02-15 15:41:00,1,122.39999999999999,297,5,5,5,High-value customers
16076.0,2011-12-06 14:59:00,10,2234.73,3,1,1,1,Inactive customers
16078.0,2011-03-01 09:47:00,1,79.2,284,5,5,5,High-value customers
16079.0,2011-11-23 12:48:00,3,1352.0,17,2,3,2,At-risk customers
16080.0,2011-09-19 10:42:00,2,217.16,82,4,3,5,Regular customers
16081.0,2011-10-14 13:06:00,5,2806.9,56,3,2,1,Inactive customers
16083.0,2011-08-31 10:47:00,2,1317.62,101,4,3,2,Inactive customers
16084.0,2011-02-13 16:05:00,1,436.18,299,5,5,4,High-value customers
16085.0,2011-11-16 13:24:00,5,981.51,23,2,2,2,At-risk customers
16086.0,2011-10-11 13:09:00,5,1121.39,59,3,2,2,Inactive customers
16091.0,2011-07-08 08:45:00,2,315.06,155,4,3,4,Regular customers
16092.0,2011-08-17 10:46:00,3,817.86,115,4,3,3,Regular customers
16093.0,2011-08-25 11:09:00,1,17.0,107,4,5,5,High-value customers
16094.0,2011-11-28 12:45:00,4,1078.23,12,1,2,2,At-risk customers
16096.0,2011-03-20 13:38:00,1,320.62,264,5,5,4,High-value customers
16097.0,2011-04-13 13:47:00,1,185.04999999999998,240,5,5,5,High-value customers
16098.0,2011-09-13 09:59:00,7,2005.63,88,4,1,2,New customers
16099.0,2011-10-20 13:13:00,3,731.9,50,3,3,3,Regular customers
16101.0,2011-09-30 10:18:00,1,1290.7,71,3,5,2,Inactive customers
16102.0,2011-10-28 13:19:00,3,1842.14,42,3,3,2,Inactive customers
16103.0,2011-12-02 14:16:00,6,1429.64,7,1,1,2,Inactive customers
16104.0,2011-10-09 10:23:00,1,302.36,62,3,5,4,Regular customers
16105.0,2011-04-05 10:13:00,1,336.96,249,5,5,4,High-value customers
16106.0,2011-10-05 10:37:00,1,108.38,66,3,5,5,Regular customers
16107.0,2011-11-22 09:40:00,7,3204.1600000000003,18,2,1,1,Inactive customers
16108.0,2011-09-16 11:48:00,1,842.5,85,4,5,3,Loyal customers
16109.0,2011-05-05 09:17:00,2,611.88,219,5,3,3,Regular customers
16110.0,2011-10-25 14:35:00,3,1337.48,45,3,3,2,Inactive customers
16112.0,2011-07-19 14:28:00,4,195.73999999999998,143,4,2,5,New customers
16113.0,2011-06-09 16:16:00,1,161.38,183,5,5,5,High-value customers
16114.0,2011-06-22 10:13:00,1,135.75000000000003,171,4,5,5,High-value customers
16115.0,2011-11-30 11:32:00,8,1667.97,10,1,1,2,Inactive customers
16116.0,2011-05-12 12:01:00,1,612.78,212,5,5,3,Loyal customers
16117.0,2011-06-03 11:42:00,1,232.21,190,5,5,5,High-value customers
16119.0,2011-12-01 15:11:00,2,423.36,8,1,3,4,Regular customers
16120.0,2011-10-11 14:22:00,4,1309.14,59,3,2,2,Inactive customers
16121.0,2011-10-13 12:59:00,2,867.11,57,3,3,3,Regular customers
16122.0,2011-09-27 15:34:00,4,684.4200000000001,73,4,2,3,New customers
16123.0,2011-10-19 09:18:00,1,307.78,52,3,5,4,Regular customers
16124.0,2011-01-26 14:45:00,1,249.0,317,5,5,5,High-value customers
16125.0,2010-12-07 15:48:00,1,289.35,367,5,5,4,High-value customers
16126.0,2011-11-10 16:03:00,4,6287.77,29,2,2,1,At-risk customers
16127.0,2011-10-31 13:58:00,1,656.25,39,3,5,3,Regular customers
16128.0,2011-11-22 11:14:00,5,1880.22,18,2,2,2,At-risk customers
16131.0,2011-10-19 11:53:00,6,3506.54,52,3,1,1,Inactive customers
16133.0,2011-12-06 11:24:00,33,14589.04,4,1,1,1,Inactive customers
16134.0,2011-11-18 10:05:00,2,618.09,22,2,3,3,Regular customers
16135.0,2011-03-22 12:30:00,1,517.55,263,5,5,3,Loyal customers
16136.0,2011-10-11 09:10:00,3,709.38,60,3,3,3,Regular customers
16139.0,2011-11-21 08:37:00,3,635.41,19,2,3,3,Regular customers
16140.0,2011-10-05 12:15:00,2,725.18,66,3,3,3,Regular customers
16141.0,2011-09-12 13:11:00,1,620.4,88,4,5,3,Loyal customers
16142.0,2011-04-04 10:16:00,1,535.34,250,5,5,3,Loyal customers
16143.0,2011-12-06 14:13:00,6,2424.94,3,1,1,1,Inactive customers
16144.0,2011-04-07 10:09:00,1,175.2,247,5,5,5,High-value customers
16145.0,2011-12-01 10:33:00,11,3799.4900000000002,9,1,1,1,Inactive customers
16146.0,2011-07-05 14:20:00,3,734.13,157,4,3,3,Regular customers
16147.0,2011-07-29 09:57:00,1,375.0,134,4,5,4,High-value customers
16148.0,2011-02-16 14:01:00,1,76.32000000000001,296,5,5,5,High-value customers
16149.0,2011-12-05 11:29:00,2,280.52,5,1,3,4,Regular customers
16150.0,2011-10-28 12:39:00,5,2053.02,43,3,2,2,Inactive customers
16152.0,2011-03-16 09:47:00,1,1829.04,269,5,5,2,Loyal customers
16153.0,2011-10-21 10:50:00,5,1824.23,50,3,2,2,Inactive customers
16156.0,2011-12-01 12:42:00,9,3122.04,9,1,1,1,Inactive customers
16157.0,2011-11-24 11:41:00,3,656.69,16,2,3,3,Regular customers
16159.0,2011-03-03 12:27:00,1,348.2,282,5,5,4,High-value customers
16160.0,2011-10-05 14:19:00,2,1025.44,65,3,3,2,Inactive customers
16161.0,2011-12-08 12:10:00,19,5575.56,2,1,1,1,Inactive customers
16162.0,2011-04-01 15:03:00,1,37.4,252,5,5,5,High-value customers
16163.0,2011-04-21 15:15:00,2,856.6,232,5,3,3,Regular customers
16164.0,2011-11-22 15:04:00,3,822.48,17,2,3,3,Regular customers
16168.0,2011-11-29 12:45:00,27,3787.6,11,1,1,1,Inactive customers
16169.0,2011-12-01 15:28:00,4,1822.97,8,1,2,2,At-risk customers
16170.0,2011-10-20 08:21:00,6,1885.05,51,3,1,2,Inactive customers
16171.0,2011-10-11 14:51:00,1,73.2,59,3,5,5,Regular customers
16172.0,2011-09-05 13:22:00,5,1140.21,95,4,2,2,New customers
16173.0,2011-11-24 10:53:00,6,1418.32,16,2,1,2,Inactive customers
16174.0,2011-08-05 13:26:00,3,1009.5500000000001,126,4,3,2,Inactive customers
16175.0,2011-09-06 14:32:00,4,1037.59,94,4,2,2,New customers
16177.0,2011-10-20 12:57:00,1,331.95,50,3,5,4,Regular customers
16178.0,2011-07-24 16:05:00,1,197.9,138,4,5,5,High-value customers
16179.0,2011-10-10 09:41:00,1,215.83,61,3,5,5,Regular customers
16180.0,2011-08-31 16:28:00,8,10254.18,100,4,1,1,New customers
16181.0,2011-09-27 13:38:00,1,305.54,73,4,5,4,High-value customers
16182.0,2011-09-28 13:23:00,4,6617.65,72,4,2,1,New customers
16183.0,2011-10-03 14:59:00,1,338.71000000000004,67,3,5,4,Regular customers
16184.0,2011-10-06 17:43:00,6,1158.79,64,3,1,2,Inactive customers
16185.0,2011-11-23 09:41:00,2,529.41,17,2,3,3,Regular customers
16186.0,2011-11-17 12:43:00,12,4006.94,23,2,1,1,Inactive customers
16187.0,2011-11-08 09:50:00,15,6911.4400000000005,32,2,1,1,Inactive customers
16188.0,2011-10-26 12:19:00,4,981.86,45,3,2,2,Inactive customers
16189.0,2011-11-24 11:47:00,2,215.48,16,2,3,5,Regular customers
16190.0,2011-10-30 15:59:00,1,215.08,40,3,5,5,Regular customers
16191.0,2011-12-07 11:26:00,13,5180.52,3,1,1,1,Inactive customers
16193.0,2011-04-17 11:45:00,1,314.45,237,5,5,4,High-value customers
16198.0,2011-09-25 14:58:00,1,400.68100000000004,75,4,5,4,High-value customers
16200.0,2011-12-05 14:40:00,2,1080.6200000000001,4,1,3,2,At-risk customers
16201.0,2011-12-06 16:02:00,4,1863.47,3,1,2,2,At-risk customers
16202.0,2010-12-14 10:43:00,1,365.27,361,5,5,4,High-value customers
16203.0,2011-10-12 12:31:00,4,592.9,59,3,2,3,Inactive customers
16204.0,2011-11-16 13:40:00,1,405.71,23,2,5,4,Regular customers
16205.0,2011-11-09 09:32:00,4,761.38,31,2,2,3,At-risk customers
16206.0,2011-10-16 10:41:00,4,537.0600000000001,55,3,2,3,Inactive customers
16207.0,2011-11-14 13:51:00,1,394.38,25,2,5,4,Regular customers
16208.0,2011-10-26 11:36:00,2,664.26,45,3,3,3,Regular customers
16209.0,2011-09-12 11:58:00,5,2262.62,89,4,2,1,New customers
16210.0,2011-12-08 12:36:00,18,21086.3,2,1,1,1,Inactive customers
16211.0,2011-09-12 12:11:00,1,547.02,89,4,5,3,Loyal customers
16212.0,2011-11-20 13:00:00,2,690.34,19,2,3,3,Regular customers
16213.0,2011-09-22 10:03:00,1,159.0,79,4,5,5,High-value customers
16214.0,2011-06-22 11:30:00,3,1062.75,171,4,3,2,Inactive customers
16215.0,2011-09-20 10:18:00,1,242.35,81,4,5,5,High-value customers
16216.0,2011-03-17 15:34:00,1,914.9300000000001,267,5,5,3,Loyal customers
16217.0,2011-04-18 13:31:00,2,304.25,235,5,3,4,Regular customers
16218.0,2011-11-10 09:59:00,7,3084.68,30,2,1,1,Inactive customers
16221.0,2011-11-03 11:43:00,3,864.86,37,3,3,3,Regular customers
16222.0,2011-01-25 13:38:00,1,846.72,318,5,5,3,Loyal customers
16224.0,2011-10-13 17:51:00,4,1295.3,57,3,2,2,Inactive customers
16225.0,2011-10-26 08:30:00,5,1096.32,45,3,2,2,Inactive customers
16226.0,2011-05-20 14:41:00,3,255.12,203,5,3,4,Regular customers
16227.0,2011-04-28 13:33:00,1,314.22,225,5,5,4,High-value customers
16229.0,2011-09-13 17:16:00,2,1010.6,87,4,3,2,Inactive customers
16230.0,2011-06-03 10:06:00,2,542.03,190,5,3,3,Regular customers
16232.0,2011-10-27 12:16:00,4,990.88,44,3,2,2,Inactive customers
16233.0,2011-09-29 17:27:00,3,536.6800000000001,71,3,3,3,Regular customers
16235.0,2011-10-30 10:56:00,5,867.31,41,3,2,3,Inactive customers
16236.0,2011-09-22 14:10:00,1,432.2,78,4,5,4,High-value customers
16239.0,2011-10-14 08:29:00,2,414.2,57,3,3,4,Regular customers
16240.0,2011-11-15 14:30:00,2,3718.8,24,2,3,1,At-risk customers
16241.0,2011-11-30 11:08:00,13,2607.87,10,1,1,1,Inactive customers
16242.0,2011-12-01 15:12:00,7,3603.21,8,1,1,1,Inactive customers
16243.0,2011-11-06 12:32:00,2,409.1,34,3,3,4,Regular customers
16244.0,2011-05-12 10:18:00,2,1522.75,212,5,3,2,Inactive customers
16245.0,2011-11-16 10:14:00,3,1413.66,24,2,3,2,At-risk customers
16247.0,2011-06-22 14:23:00,1,114.56,170,4,5,5,High-value customers
16248.0,2011-10-09 11:32:00,1,152.94,62,3,5,5,Regular customers
16249.0,2011-10-18 10:07:00,5,1800.07,53,3,2,2,Inactive customers
16250.0,2011-03-23 15:07:00,2,389.44,261,5,3,4,Regular customers
16253.0,2011-10-04 09:09:00,2,3683.86,67,3,3,1,Inactive customers
16255.0,2011-11-23 12:40:00,8,2619.91,17,2,1,1,Inactive customers
16256.0,2011-03-18 12:18:00,1,752.4300000000001,267,5,5,3,Loyal customers
16257.0,2011-06-16 10:11:00,1,46.95,177,4,5,5,High-value customers
16258.0,2011-10-25 13:30:00,5,5203.51,45,3,2,1,Inactive customers
16260.0,2011-10-20 09:40:00,1,1035.45,51,3,5,2,Inactive customers
16261.0,2011-11-22 17:23:00,4,746.83,17,2,2,3,At-risk customers
16265.0,2011-11-30 16:41:00,9,5447.0,9,1,1,1,Inactive customers
16266.0,2011-09-27 12:08:00,7,861.89,74,4,1,3,New customers
16268.0,2011-09-29 18:30:00,2,667.65,71,3,3,3,Regular customers
16270.0,2010-12-21 14:26:00,1,1141.24,353,5,5,2,Loyal customers
16271.0,2011-12-07 12:45:00,5,1429.24,3,1,2,2,At-risk customers
16272.0,2011-08-15 10:54:00,1,411.7,117,4,5,4,High-value customers
16274.0,2010-12-01 15:35:00,1,357.95,373,5,5,4,High-value customers
16275.0,2011-05-27 12:41:00,1,559.87,197,5,5,3,Loyal customers
16276.0,2011-06-16 09:34:00,1,810.6000000000001,177,4,5,3,Loyal customers
16278.0,2011-08-31 17:12:00,1,566.38,100,4,5,3,Loyal customers
16279.0,2011-11-18 15:00:00,3,1509.58,21,2,3,2,At-risk customers
16281.0,2011-09-28 14:57:00,1,2062.06,72,4,5,1,Loyal customers
16282.0,2011-01-04 11:42:00,1,168.3,340,5,5,5,High-value customers
16283.0,2011-12-04 12:08:00,5,1570.81,6,1,2,2,At-risk customers
16284.0,2011-11-08 16:12:00,2,823.97,31,2,3,3,Regular customers
16287.0,2011-06-23 09:08:00,1,142.5,170,4,5,5,High-value customers
16292.0,2011-08-10 12:24:00,1,302.25,122,4,5,4,High-value customers
16293.0,2011-11-18 09:58:00,10,2248.9900000000002,22,2,1,1,Inactive customers
16295.0,2011-11-30 08:17:00,4,1328.55,10,1,2,2,At-risk customers
16297.0,2011-03-16 08:29:00,1,301.9,269,5,5,4,High-value customers
16298.0,2011-11-17 11:59:00,3,598.2,23,2,3,3,Regular customers
16302.0,2011-08-05 09:44:00,1,233.22,127,4,5,5,High-value customers
16303.0,2011-11-14 10:49:00,3,5360.63,26,2,3,1,At-risk customers
16305.0,2011-07-24 12:18:00,1,361.21999999999997,139,4,5,4,High-value customers
16306.0,2011-05-10 12:12:00,6,632.27,214,5,1,3,New customers
16308.0,2011-11-02 11:24:00,4,2560.0,38,3,2,1,Inactive customers
16309.0,2011-08-25 15:35:00,2,706.57,106,4,3,3,Regular customers
16311.0,2011-11-22 08:54:00,2,616.26,18,2,3,3,Regular customers
16313.0,2011-12-06 13:02:00,2,274.15000000000003,3,1,3,4,Regular customers
16315.0,2011-01-13 11:57:00,1,226.37,331,5,5,5,High-value customers
16316.0,2011-10-06 13:48:00,8,2938.91,64,3,1,1,Inactive customers
16317.0,2011-08-12 12:46:00,3,1341.65,120,4,3,2,Inactive customers
16318.0,2011-11-04 13:05:00,1,328.15,35,3,5,4,Regular customers
16319.0,2011-05-06 11:27:00,1,404.40000000000003,218,5,5,4,High-value customers
16320.0,2011-06-20 15:25:00,2,1038.46,172,4,3,2,Inactive customers
16321.0,2011-09-28 14:55:00,5,373.65000000000003,72,4,2,4,New customers
16322.0,2011-12-08 15:41:00,2,326.75,1,1,3,4,Regular customers
16323.0,2011-05-27 14:48:00,1,207.50000000000003,196,5,5,5,High-value customers
16324.0,2011-08-03 12:58:00,3,428.68,128,4,3,4,Regular customers
16325.0,2011-10-24 08:48:00,3,594.24,47,3,3,3,Regular customers
16326.0,2011-12-04 10:11:00,14,3110.96,6,1,1,1,Inactive customers
16327.0,2011-11-25 13:23:00,6,3844.22,14,2,1,1,Inactive customers
16330.0,2011-11-22 12:24:00,3,251.91,18,2,3,4,Regular customers
16332.0,2011-11-11 14:22:00,7,1593.2,28,2,1,2,Inactive customers
16333.0,2011-12-02 12:19:00,22,26626.8,8,1,1,1,Inactive customers
16337.0,2011-11-03 10:03:00,1,151.05,37,3,5,5,Regular customers
16338.0,2011-07-05 13:56:00,1,214.79999999999998,157,4,5,5,High-value customers
16339.0,2011-02-28 13:41:00,1,109.95,284,5,5,5,High-value customers
16340.0,2011-08-24 14:53:00,1,549.07,107,4,5,3,Loyal customers
16341.0,2011-11-15 09:12:00,4,1971.87,25,2,2,2,At-risk customers
16342.0,2011-09-25 14:36:00,4,322.41,75,4,2,4,New customers
16343.0,2011-11-23 17:45:00,2,370.47999999999996,16,2,3,4,Regular customers
16344.0,2011-07-04 15:50:00,1,101.10000000000001,158,4,5,5,High-value customers
16345.0,2011-10-26 16:03:00,1,575.41,44,3,5,3,Regular customers
16347.0,2011-11-28 13:14:00,2,887.65,11,1,3,3,Regular customers
16348.0,2011-11-07 15:44:00,7,1469.45,32,2,1,2,Inactive customers
16349.0,2011-02-22 12:40:00,1,53.5,291,5,5,5,High-value customers
16350.0,2011-11-18 15:53:00,4,1116.47,21,2,2,2,At-risk customers
16351.0,2011-01-11 10:26:00,1,153.9,333,5,5,5,High-value customers
16352.0,2011-11-22 10:32:00,2,494.44,18,2,3,3,Regular customers
16353.0,2011-12-06 12:23:00,23,6675.71,4,1,1,1,Inactive customers
16354.0,2011-10-07 14:28:00,2,395.8,63,3,3,4,Regular customers
16356.0,2011-05-26 11:51:00,3,211.77,198,5,3,5,Regular customers
16357.0,2011-11-06 16:04:00,3,658.88,33,3,3,3,Regular customers
16358.0,2011-12-08 15:09:00,4,2027.5,1,1,2,2,At-risk customers
16359.0,2011-12-02 17:04:00,9,1750.92,7,1,1,2,Inactive customers
16360.0,2011-12-05 12:16:00,6,3512.53,5,1,1,1,Inactive customers
16361.0,2011-11-30 12:32:00,4,896.66,10,1,2,3,At-risk customers
16362.0,2011-11-07 13:01:00,5,734.77,32,2,2,3,At-risk customers
16363.0,2011-10-17 14:14:00,1,109.36000000000001,53,3,5,5,Regular customers
16364.0,2011-11-28 11:27:00,2,707.04,12,1,3,3,Regular customers
16365.0,2011-11-22 11:24:00,9,1540.42,18,2,1,2,Inactive customers
16366.0,2011-11-21 08:19:00,1,327.3,19,2,5,4,Regular customers
16367.0,2011-11-02 13:13:00,2,804.49,37,3,3,3,Regular customers
16368.0,2011-12-07 13:12:00,2,497.43,2,1,3,3,Regular customers
16369.0,2011-11-21 16:25:00,3,1553.66,18,2,3,2,At-risk customers
16370.0,2011-09-18 15:55:00,4,1320.56,82,4,2,2,New customers
16372.0,2011-11-06 13:08:00,2,367.93,33,3,3,4,Regular customers
16374.0,2011-10-04 15:21:00,2,473.03000000000003,66,3,3,4,Regular customers
16376.0,2011-12-01 11:38:00,2,987.01,9,1,3,2,At-risk customers
16377.0,2011-03-17 15:41:00,1,676.2,267,5,5,3,Loyal customers
16378.0,2011-04-06 15:07:00,3,362.95,247,5,3,4,Regular customers
16379.0,2011-12-05 15:38:00,4,2157.4,4,1,2,1,At-risk customers
16380.0,2011-10-09 15:40:00,1,1780.59,61,3,5,2,Inactive customers
16383.0,2011-09-26 12:45:00,2,668.36,75,4,3,3,Regular customers
16384.0,2011-09-11 11:19:00,2,584.5,90,4,3,3,Regular customers
16385.0,2011-10-10 13:12:00,3,555.89,60,3,3,3,Regular customers
16386.0,2011-11-11 12:28:00,2,317.2,29,2,3,4,Regular customers
16387.0,2011-01-21 11:34:00,1,94.36,323,5,5,5,High-value customers
16389.0,2011-10-17 14:41:00,4,1382.07,53,3,2,2,Inactive customers
16392.0,2011-03-15 12:11:00,1,221.19,270,5,5,5,High-value customers
16393.0,2011-12-07 12:51:00,13,3046.21,2,1,1,1,Inactive customers
16394.0,2011-10-14 09:48:00,5,1555.34,57,3,2,2,Inactive customers
16395.0,2011-10-10 12:50:00,5,1486.9,61,3,2,2,Inactive customers
16398.0,2011-07-08 15:16:00,2,1705.8,154,4,3,2,Inactive customers
16399.0,2011-11-20 16:12:00,2,408.57,19,2,3,4,Regular customers
16400.0,2011-09-06 12:27:00,1,303.93,95,4,5,4,High-value customers
16401.0,2011-12-08 18:15:00,12,4098.32,1,1,1,1,Inactive customers
16402.0,2011-03-20 12:25:00,2,299.6,265,5,3,4,Regular customers
16403.0,2011-01-31 13:39:00,1,177.5,312,5,5,5,High-value customers
16404.0,2011-09-30 14:55:00,1,443.05,70,3,5,4,Regular customers
16405.0,2011-02-10 15:24:00,2,167.25,302,5,3,5,Regular customers
16406.0,2011-11-21 11:57:00,1,163.07,19,2,5,5,Regular customers
16407.0,2011-11-27 11:05:00,10,2126.93,13,1,1,1,Inactive customers
16409.0,2011-11-03 16:45:00,5,2028.88,36,3,2,2,Inactive customers
16411.0,2011-11-20 13:23:00,2,214.65,19,2,3,5,Regular customers
16412.0,2011-10-17 12:35:00,1,151.83,54,3,5,5,Regular customers
16413.0,2011-10-14 12:08:00,1,262.2,57,3,5,4,Regular customers
16414.0,2011-11-18 09:42:00,2,126.25,22,2,3,5,Regular customers
16415.0,2011-10-26 13:35:00,1,210.35,44,3,5,5,Regular customers
16416.0,2011-11-13 12:50:00,3,1051.4,27,2,3,2,At-risk customers
16418.0,2011-10-26 12:39:00,3,675.27,45,3,3,3,Regular customers
16419.0,2011-08-19 12:33:00,6,972.23,113,4,1,2,New customers
16422.0,2011-11-22 14:00:00,51,34684.4,17,2,1,1,Inactive customers
16423.0,2011-11-15 09:21:00,1,346.12,25,2,5,4,Regular customers
16424.0,2011-06-01 13:40:00,1,133.56,191,5,5,5,High-value customers
16425.0,2011-02-10 14:30:00,1,302.7,302,5,5,4,High-value customers
16426.0,2011-12-07 14:01:00,10,1908.25,2,1,1,2,Inactive customers
16427.0,2011-03-21 17:10:00,2,241.06,263,5,3,5,Regular customers
16429.0,2011-08-25 13:54:00,1,284.55,106,4,5,4,High-value customers
16430.0,2011-10-13 14:47:00,1,300.85,57,3,5,4,Regular customers
16431.0,2011-05-10 14:09:00,3,642.81,213,5,3,3,Regular customers
16432.0,2011-10-06 13:59:00,1,287.4,64,3,5,4,Regular customers
16433.0,2011-11-11 14:09:00,1,184.26,28,2,5,5,Regular customers
16434.0,2011-11-10 14:28:00,7,1522.25,29,2,1,2,Inactive customers
16438.0,2011-12-04 10:51:00,5,798.35,6,1,2,3,At-risk customers
16440.0,2011-12-02 12:02:00,5,3640.67,8,1,2,1,At-risk customers
16441.0,2011-10-03 17:48:00,2,381.2,67,3,3,4,Regular customers
16442.0,2011-12-08 11:43:00,3,616.79,2,1,3,3,Regular customers
16444.0,2011-10-24 13:50:00,4,654.67,46,3,2,3,Inactive customers
16445.0,2011-11-06 12:32:00,1,230.51,34,3,5,5,Regular customers
16446.0,2011-12-09 09:15:00,2,168472.5,1,1,3,1,At-risk customers
16447.0,2011-07-27 12:45:00,1,259.01,136,4,5,4,High-value customers
16448.0,2011-05-25 16:28:00,1,188.89000000000001,198,5,5,5,High-value customers
16449.0,2011-05-26 10:25:00,2,707.69,198,5,3,3,Regular customers
16450.0,2011-07-13 11:47:00,1,311.92,150,4,5,4,High-value customers
16451.0,2011-09-13 09:17:00,1,266.97,88,4,5,4,High-value customers
16454.0,2011-10-26 11:40:00,2,6.9,45,3,3,5,Regular customers
16455.0,2011-10-07 12:17:00,7,1841.18,64,3,1,2,Inactive customers
16456.0,2011-09-01 13:50:00,5,2158.37,99,4,2,1,New customers
16457.0,2011-05-05 13:19:00,1,208.36,218,5,5,5,High-value customers
16458.0,2011-12-07 09:34:00,18,3482.7400000000002,3,1,1,1,Inactive customers
16460.0,2011-11-11 13:46:00,3,814.72,28,2,3,3,Regular customers
16461.0,2011-06-15 12:07:00,1,151.42,178,4,5,5,High-value customers
16462.0,2011-09-27 10:24:00,3,136.0,74,4,3,5,Regular customers
16463.0,2011-11-18 14:01:00,4,1422.4,21,2,2,2,At-risk customers
16464.0,2011-11-20 12:11:00,3,1314.68,20,2,3,2,At-risk customers
16466.0,2011-11-06 11:35:00,7,1603.46,34,3,1,2,Inactive customers
16468.0,2011-09-26 14:13:00,1,74.9,74,4,5,5,High-value customers
16469.0,2011-11-16 12:25:00,4,650.43,24,2,2,3,At-risk customers
16470.0,2011-10-19 12:11:00,4,762.39,52,3,2,3,Inactive customers
16471.0,2011-03-10 09:41:00,1,223.95000000000002,275,5,5,5,High-value customers
16473.0,2011-06-28 09:10:00,3,316.11,165,4,3,4,Regular customers
16474.0,2011-12-02 13:02:00,7,1871.5,7,1,1,2,Inactive customers
16475.0,2011-09-12 14:37:00,4,544.3,88,4,2,3,New customers
16477.0,2011-10-07 09:44:00,7,2494.46,64,3,1,1,Inactive customers
16478.0,2011-11-14 15:51:00,3,331.0,25,2,3,4,Regular customers
16479.0,2011-11-29 13:40:00,2,300.83,10,1,3,4,Regular customers
16480.0,2011-09-25 11:40:00,1,769.29,76,4,5,3,Loyal customers
16482.0,2011-11-24 12:33:00,1,220.62,16,2,5,5,Regular customers
16483.0,2011-05-31 13:08:00,1,139.35,192,5,5,5,High-value customers
16484.0,2011-06-19 12:06:00,2,404.3,174,4,3,4,Regular customers
16485.0,2011-09-23 15:50:00,1,363.65,77,4,5,4,High-value customers
16488.0,2011-11-06 13:42:00,3,498.8,33,3,3,3,Regular customers
16491.0,2011-10-24 10:18:00,1,731.5,47,3,5,3,Regular customers
16493.0,2011-09-21 11:10:00,4,1351.63,80,4,2,2,New customers
16494.0,2011-02-16 12:49:00,1,826.53,297,5,5,3,Loyal customers
16495.0,2011-12-06 13:20:00,3,684.41,3,1,3,3,Regular customers
16496.0,2011-12-01 10:31:00,3,1599.52,9,1,3,2,At-risk customers
16497.0,2011-10-21 10:55:00,6,2965.69,50,3,1,1,Inactive customers
16498.0,2011-07-01 15:07:00,2,100.97,161,4,3,5,Regular customers
16499.0,2010-12-14 13:31:00,2,365.45,360,5,3,4,Regular customers
16500.0,2011-12-05 12:04:00,6,400.86,5,1,1,4,Inactive customers
16503.0,2011-08-25 11:46:00,4,1431.93,107,4,2,2,New customers
16504.0,2011-11-14 15:18:00,1,484.38,25,2,5,4,Regular customers
16505.0,2011-11-08 12:14:00,1,777.6,32,2,5,3,Regular customers
16506.0,2011-11-20 12:17:00,2,90.30000000000001,20,2,3,5,Regular customers
16509.0,2011-02-16 09:25:00,1,363.7,297,5,5,4,High-value customers
16510.0,2010-12-02 13:39:00,1,248.1,372,5,5,5,High-value customers
16511.0,2011-11-18 10:41:00,3,950.26,22,2,3,2,At-risk customers
16513.0,2011-12-05 10:18:00,4,874.59,5,1,2,3,At-risk customers
16515.0,2011-10-18 13:10:00,5,1627.13,52,3,2,2,Inactive customers
16516.0,2011-11-09 14:59:00,1,101.69999999999999,30,2,5,5,Regular customers
16517.0,2011-03-07 13:50:00,1,162.7,277,5,5,5,High-value customers
16518.0,2011-10-09 15:04:00,2,484.32,61,3,3,4,Regular customers
16519.0,2011-11-14 15:41:00,2,215.07999999999998,25,2,3,5,Regular customers
16520.0,2011-06-06 13:24:00,3,1046.57,186,5,3,2,Inactive customers
16523.0,2011-12-08 09:06:00,21,9418.470000000001,2,1,1,1,Inactive customers
16525.0,2011-12-07 15:07:00,26,13027.45,2,1,1,1,Inactive customers
16526.0,2011-06-21 12:02:00,1,290.36,172,4,5,4,High-value customers
16527.0,2011-09-19 16:21:00,1,228.06,81,4,5,5,High-value customers
16528.0,2011-12-06 12:45:00,1,244.41,4,1,5,5,Regular customers
16529.0,2011-06-02 17:23:00,1,455.25,190,5,5,4,High-value customers
16531.0,2011-11-17 16:29:00,7,1244.59,22,2,1,2,Inactive customers
16532.0,2011-11-22 11:08:00,3,6748.8,18,2,3,1,At-risk customers
16533.0,2011-11-20 13:08:00,3,1095.56,19,2,3,2,At-risk customers
16535.0,2011-12-04 15:18:00,1,593.75,5,1,5,3,Regular customers
16536.0,2011-08-21 15:54:00,1,548.97,110,4,5,3,Loyal customers
16539.0,2011-12-07 08:41:00,4,1388.81,3,1,2,2,At-risk customers
16542.0,2011-10-17 10:47:00,1,119.62,54,3,5,5,Regular customers
16545.0,2011-06-28 10:37:00,1,339.3,165,4,5,4,High-value customers
16546.0,2011-02-22 11:20:00,2,787.15,291,5,3,3,Regular customers
16549.0,2011-11-29 15:06:00,10,4154.64,10,1,1,1,Inactive customers
16550.0,2011-08-23 11:12:00,5,2298.97,109,4,2,1,New customers
16551.0,2011-09-05 09:38:00,3,922.12,96,4,3,3,Regular customers
16552.0,2011-04-11 10:04:00,2,379.73,243,5,3,4,Regular customers
16553.0,2011-06-29 15:42:00,12,5719.82,163,4,1,1,New customers
16554.0,2011-10-28 14:51:00,3,837.1,42,3,3,3,Regular customers
16555.0,2011-11-04 14:31:00,2,285.89,35,3,3,4,Regular customers
16556.0,2011-10-04 11:36:00,7,3313.79,67,3,1,1,Inactive customers
16557.0,2011-11-15 14:04:00,2,281.85,24,2,3,4,Regular customers
16558.0,2011-12-09 10:20:00,20,8338.49,1,1,1,1,Inactive customers
16560.0,2011-11-13 10:35:00,2,841.41,27,2,3,3,Regular customers
16561.0,2011-12-04 11:50:00,2,511.12,6,1,4,3,Regular customers
16563.0,2011-10-17 11:51:00,1,1077.74,54,3,5,2,Inactive customers
16565.0,2010-12-10 15:21:00,1,173.7,364,5,5,5,High-value customers
16566.0,2011-11-24 16:34:00,5,614.66,15,2,2,3,At-risk customers
16567.0,2011-05-29 13:57:00,2,865.6,194,5,4,3,Loyal customers
16569.0,2011-12-06 15:32:00,1,124.2,3,1,5,5,Regular customers
16570.0,2011-11-24 17:02:00,10,3738.4,15,2,1,1,Inactive customers
16571.0,2011-11-13 11:46:00,3,1421.69,27,2,3,2,At-risk customers
16572.0,2011-08-04 16:34:00,3,1009.6,127,4,3,2,Inactive customers
16573.0,2011-09-16 09:13:00,2,663.61,85,4,4,3,Loyal customers
16574.0,2011-09-29 13:39:00,1,451.44,71,3,5,4,Regular customers
16581.0,2011-06-10 10:05:00,1,105.84,183,5,5,5,High-value customers
16582.0,2011-08-18 17:02:00,1,313.62,113,4,5,4,High-value customers
16583.0,2010-12-01 12:03:00,1,233.45,374,5,5,5,High-value customers
16584.0,2011-09-20 13:45:00,2,936.08,80,4,4,3,Loyal customers
16586.0,2011-04-05 09:32:00,1,463.95,249,5,5,4,High-value customers
16587.0,2011-04-21 15:51:00,1,225.15,232,5,5,5,High-value customers
16589.0,2011-09-29 14:50:00,3,459.24,71,3,3,4,Regular customers
16591.0,2011-10-02 10:43:00,1,213.5,69,3,5,5,Regular customers
16592.0,2011-12-05 13:49:00,16,4113.68,4,1,1,1,Inactive customers
16593.0,2011-10-20 12:41:00,3,330.03,51,3,3,4,Regular customers
16594.0,2011-09-25 14:08:00,1,181.09,75,4,5,5,High-value customers
16595.0,2011-10-09 13:15:00,1,360.16,61,3,5,4,Regular customers
16596.0,2011-11-24 10:02:00,2,250.15,16,2,4,5,Regular customers
16597.0,2011-12-05 15:44:00,1,90.04,4,1,5,5,Regular customers
16598.0,2011-02-27 11:42:00,1,145.04999999999998,286,5,5,5,High-value customers
16600.0,2011-12-05 16:00:00,6,813.52,4,1,1,3,Inactive customers
16601.0,2011-10-30 11:09:00,1,244.79999999999998,41,3,5,5,Regular customers
16602.0,2011-11-03 15:54:00,1,528.08,36,3,5,3,Regular customers
16603.0,2011-09-26 10:06:00,2,482.47,75,4,4,4,High-value customers
16607.0,2011-11-22 10:24:00,14,3347.71,18,2,1,1,Inactive customers
16609.0,2011-11-24 13:32:00,7,5493.46,15,2,1,1,Inactive customers
16610.0,2011-05-04 13:13:00,1,75.66,219,5,5,5,High-value customers
16611.0,2011-06-06 15:46:00,1,129.49,186,5,5,5,High-value customers
16612.0,2011-11-07 07:38:00,4,1187.66,33,3,2,2,Inactive customers
16613.0,2011-09-30 15:52:00,1,618.59,70,3,5,3,Regular customers
16614.0,2011-06-10 11:36:00,1,506.19,183,5,5,3,Loyal customers
16616.0,2011-11-24 16:31:00,2,500.42,15,2,4,3,Regular customers
16617.0,2011-04-18 10:35:00,1,151.85,236,5,5,5,High-value customers
16618.0,2011-11-08 13:52:00,5,2647.59,31,2,2,1,At-risk customers
16619.0,2011-03-21 08:18:00,1,226.21,264,5,5,5,High-value customers
16620.0,2011-12-06 12:19:00,2,178.96,4,1,4,5,Regular customers
16621.0,2011-10-19 11:38:00,4,813.48,52,3,2,3,Inactive customers
16623.0,2011-04-08 10:09:00,1,129.45,246,5,5,5,High-value customers
16624.0,2011-09-20 12:39:00,2,810.5699999999999,81,4,4,3,Loyal customers
16625.0,2011-03-10 12:50:00,1,333.08,275,5,5,4,High-value customers
16626.0,2011-12-09 11:56:00,17,4413.1,1,1,1,1,Inactive customers
16627.0,2011-09-21 14:38:00,1,322.8,79,4,5,4,High-value customers
16628.0,2011-11-10 12:45:00,5,2188.05,30,2,2,1,At-risk customers
16629.0,2011-09-27 10:34:00,2,417.73,74,4,4,4,High-value customers
16633.0,2011-11-22 13:41:00,6,2883.1,17,2,1,1,Inactive customers
16634.0,2011-05-01 12:09:00,2,217.9,223,5,4,5,High-value customers
16637.0,2011-11-07 13:17:00,4,1154.47,32,2,2,2,At-risk customers
16638.0,2011-11-17 11:09:00,10,1680.72,23,2,1,2,Inactive customers
16639.0,2011-11-08 13:20:00,3,1257.51,31,2,3,2,At-risk customers
16641.0,2011-08-26 12:49:00,1,231.10000000000002,106,4,5,5,High-value customers
16642.0,2011-12-05 11:31:00,2,688.33,5,1,4,3,Regular customers
16643.0,2011-04-08 08:24:00,1,487.51,246,5,5,4,High-value customers
16644.0,2011-06-15 12:39:00,2,833.78,178,4,4,3,Loyal customers
16647.0,2011-06-23 11:47:00,2,214.06,170,4,4,5,High-value customers
16648.0,2011-10-28 08:58:00,1,290.65999999999997,43,3,5,4,Regular customers
16650.0,2011-09-29 09:51:00,1,518.42,72,4,5,3,Loyal customers
16652.0,2011-10-12 09:38:00,7,6773.97,59,3,1,1,Inactive customers
16653.0,2011-11-23 14:51:00,2,1212.66,16,2,4,2,At-risk customers
16654.0,2011-07-21 15:23:00,4,601.27,141,4,2,3,New customers
16655.0,2011-11-22 11:25:00,6,3794.52,18,2,1,1,Inactive customers
16656.0,2011-11-17 14:43:00,15,8625.8,22,2,1,1,Inactive customers
16657.0,2011-11-30 11:48:00,4,933.62,10,1,2,3,At-risk customers
16658.0,2010-12-06 13:47:00,1,123.24,368,5,5,5,High-value customers
16659.0,2011-06-03 15:03:00,1,39.12,189,5,5,5,High-value customers
16660.0,2011-11-23 14:53:00,4,1267.6499999999999,16,2,2,2,At-risk customers
16665.0,2010-12-12 14:03:00,1,135.39999999999998,362,5,5,5,High-value customers
16666.0,2011-11-20 14:01:00,1,118.98,19,2,5,5,Regular customers
16667.0,2011-10-02 15:26:00,2,570.13,68,3,4,3,Regular customers
16668.0,2011-11-24 17:43:00,6,306.71999999999997,15,2,1,4,Inactive customers
16669.0,2011-11-16 12:26:00,3,1374.8700000000001,24,2,3,2,At-risk customers
16670.0,2011-11-23 09:34:00,11,4095.9,17,2,1,1,Inactive customers
16671.0,2011-11-11 13:40:00,3,1692.27,28,2,3,2,At-risk customers
16672.0,2011-12-07 16:29:00,20,8134.9400000000005,2,1,1,1,Inactive customers
16674.0,2011-10-16 11:31:00,2,319.61,55,3,4,4,Regular customers
16676.0,2011-11-06 12:01:00,4,1592.1200000000001,34,3,2,2,Inactive customers
16678.0,2011-12-07 12:17:00,12,3109.99,3,1,1,1,Inactive customers
16679.0,2010-12-08 13:51:00,1,129.75,366,5,5,5,High-value customers
16680.0,2011-10-27 17:35:00,1,183.7,43,3,5,5,Regular customers
16681.0,2011-09-28 11:11:00,6,1770.34,73,4,1,2,New customers
16682.0,2011-12-05 12:13:00,5,1028.0,5,1,2,2,At-risk customers
16684.0,2011-12-05 14:06:00,28,66653.56,4,1,1,1,Inactive customers
16685.0,2011-10-09 13:58:00,2,324.24,61,3,4,4,Regular customers
16686.0,2011-10-23 13:49:00,7,3062.83,47,3,1,1,Inactive customers
16688.0,2011-12-08 15:24:00,4,1260.86,1,1,2,2,At-risk customers
16689.0,2011-09-25 11:39:00,2,422.59999999999997,76,4,4,4,High-value customers
16690.0,2011-09-28 15:02:00,2,225.57999999999998,72,4,4,5,High-value customers
16692.0,2011-03-28 14:46:00,2,1276.0,256,5,4,2,Loyal customers
16693.0,2011-10-02 11:10:00,2,482.01,69,3,4,4,Regular customers
16696.0,2011-07-27 14:23:00,4,657.9000000000001,135,4,2,3,New customers
16697.0,2011-04-12 17:12:00,1,112.75,241,5,5,5,High-value customers
16698.0,2011-04-27 10:52:00,2,1998.0,227,5,4,2,Loyal customers
16700.0,2011-12-01 11:00:00,13,5076.55,9,1,1,1,Inactive customers
16701.0,2011-12-01 11:10:00,13,5398.3,9,1,1,1,Inactive customers
16705.0,2011-12-09 12:08:00,20,14034.99,1,1,1,1,Inactive customers
16706.0,2011-11-02 13:50:00,3,531.35,37,3,3,3,Regular customers
16708.0,2011-10-25 12:20:00,1,656.63,46,3,5,3,Regular customers
16709.0,2011-09-16 10:56:00,5,3029.87,85,4,2,1,New customers
16710.0,2011-11-20 14:50:00,10,2483.04,19,2,1,1,Inactive customers
16711.0,2011-12-06 16:32:00,5,1651.03,3,1,2,2,At-risk customers
16712.0,2011-11-30 13:48:00,11,3645.43,9,1,1,1,Inactive customers
16713.0,2011-11-21 12:36:00,15,6923.13,19,2,1,1,Inactive customers
16714.0,2011-05-05 11:09:00,3,1161.53,219,5,3,2,Inactive customers
16715.0,2011-09-22 18:15:00,1,301.71999999999997,78,4,5,4,High-value customers
16716.0,2011-03-18 10:03:00,2,901.2,267,5,4,3,Loyal customers
16717.0,2011-11-16 12:16:00,6,3858.38,24,2,1,1,Inactive customers
16718.0,2010-12-05 13:03:00,1,623.75,369,5,5,3,Loyal customers
16719.0,2011-11-25 09:27:00,7,1790.42,15,2,1,2,Inactive customers
16720.0,2011-11-13 16:22:00,1,155.24,26,2,5,5,Regular customers
16721.0,2011-03-22 16:08:00,1,292.47,262,5,5,4,High-value customers
16722.0,2011-11-22 13:28:00,13,4730.81,17,2,1,1,Inactive customers
16723.0,2011-09-09 13:01:00,2,589.15,91,4,4,3,Loyal customers
16725.0,2011-02-10 16:52:00,7,781.02,302,5,1,3,New customers
16726.0,2011-11-13 14:53:00,5,1382.02,26,2,2,2,At-risk customers
16727.0,2010-12-10 13:48:00,1,272.82,364,5,5,4,High-value customers
16728.0,2011-10-24 14:36:00,4,1054.67,46,3,2,2,Inactive customers
16729.0,2011-11-01 14:29:00,21,7239.92,38,3,1,1,Inactive customers
16730.0,2011-10-18 14:11:00,3,743.11,52,3,3,3,Regular customers
16732.0,2011-11-08 09:54:00,1,603.75,32,2,5,3,Regular customers
16734.0,2011-10-18 13:44:00,3,650.51,52,3,3,3,Regular customers
16735.0,2011-09-22 11:49:00,5,2300.56,79,4,2,1,New customers
16737.0,2011-10-17 13:03:00,1,417.59999999999997,53,3,5,4,Regular customers
16738.0,2011-02-15 09:46:00,1,3.75,298,5,5,5,High-value customers
16739.0,2011-06-16 09:17:00,1,323.0,177,4,5,4,High-value customers
16742.0,2011-10-24 12:02:00,1,464.9,47,3,5,4,Regular customers
16743.0,2011-11-10 13:13:00,7,2238.09,29,2,1,1,Inactive customers
16744.0,2011-11-28 13:06:00,7,1304.76,11,1,1,2,Inactive customers
16745.0,2011-09-14 11:58:00,17,7194.3,87,4,1,1,New customers
16746.0,2011-12-05 12:33:00,18,6697.66,5,1,1,1,Inactive customers
16747.0,2011-11-02 11:37:00,2,836.06,38,3,4,3,Regular customers
16748.0,2011-11-22 10:17:00,5,1515.9,18,2,2,2,At-risk customers
16750.0,2011-10-26 12:48:00,5,623.93,45,3,2,3,Inactive customers
16751.0,2011-11-09 10:48:00,1,1764.72,31,2,5,2,At-risk customers
16752.0,2010-12-02 12:18:00,1,207.5,373,5,5,5,High-value customers
16753.0,2011-10-12 13:14:00,1,223.92000000000002,58,3,5,5,Regular customers
16754.0,2010-12-02 17:38:00,1,2002.4,372,5,5,2,Loyal customers
16755.0,2011-08-17 13:21:00,3,1496.83,114,4,3,2,Inactive customers
16756.0,2011-05-09 09:33:00,1,239.4,215,5,5,5,High-value customers
16757.0,2011-01-25 11:59:00,1,106.83000000000001,319,5,5,5,High-value customers
16758.0,2011-10-05 14:47:00,1,369.34000000000003,65,3,5,4,Regular customers
16759.0,2011-12-02 12:42:00,3,789.79,8,1,3,3,Regular customers
16761.0,2011-09-04 11:15:00,1,316.62,97,4,5,4,High-value customers
16762.0,2011-11-20 11:43:00,3,1501.38,20,2,3,2,At-risk customers
16763.0,2011-05-25 11:52:00,1,611.85,199,5,5,3,Loyal customers
16764.0,2011-12-06 11:41:00,13,2799.25,4,1,1,1,Inactive customers
16765.0,2011-02-18 15:41:00,1,34.0,294,5,5,5,High-value customers
16766.0,2011-03-11 15:22:00,2,1145.6,273,5,4,2,Loyal customers
16767.0,2011-11-09 09:42:00,11,5580.6,31,2,1,1,Inactive customers
16768.0,2011-10-23 10:38:00,3,478.09000000000003,48,3,3,4,Regular customers
16769.0,2011-03-24 13:41:00,1,380.39,260,5,5,4,High-value customers
16770.0,2011-10-13 12:21:00,5,770.1,58,3,2,3,Inactive customers
16771.0,2011-11-06 13:28:00,5,2246.81,33,3,2,1,Inactive customers
16773.0,2011-10-13 14:37:00,1,171.59,57,3,5,5,Regular customers
16774.0,2011-10-03 12:41:00,4,661.52,68,3,2,3,Inactive customers
16775.0,2011-11-29 15:22:00,11,1695.66,10,1,1,2,Inactive customers
16776.0,2011-10-10 13:04:00,1,388.28,60,3,5,4,Regular customers
16777.0,2011-09-20 13:41:00,2,226.35,80,4,4,5,High-value customers
16778.0,2011-09-26 13:48:00,2,245.94,74,4,4,5,High-value customers
16779.0,2011-12-07 14:54:00,22,10629.720000000001,2,1,1,1,Inactive customers
16780.0,2011-08-31 16:09:00,2,425.19,100,4,4,4,High-value customers
16781.0,2010-12-02 14:26:00,1,311.25,372,5,5,4,High-value customers
16782.0,2011-11-29 13:20:00,13,2279.9,10,1,1,1,Inactive customers
16784.0,2011-11-20 12:20:00,1,107.6,20,2,5,5,Regular customers
16788.0,2011-08-08 14:53:00,2,597.48,123,4,4,3,Loyal customers
16789.0,2011-12-01 15:12:00,1,80.8,8,1,5,5,Regular customers
16790.0,2011-12-06 11:53:00,6,1545.6200000000001,4,1,1,2,Inactive customers
16791.0,2011-11-10 19:12:00,7,1721.78,29,2,1,2,Inactive customers
16792.0,2011-03-02 14:41:00,2,110.38000000000001,282,5,4,5,High-value customers
16793.0,2011-10-13 15:08:00,1,243.84,57,3,5,5,Regular customers
16794.0,2011-12-08 17:54:00,10,1222.71,1,1,1,2,Inactive customers
16795.0,2010-12-09 14:08:00,1,414.88,365,5,5,4,High-value customers
16796.0,2011-09-11 14:01:00,1,305.62,89,4,5,4,High-value customers
16800.0,2011-11-28 14:06:00,1,1201.49,11,1,5,2,At-risk customers
16801.0,2011-06-29 15:33:00,4,1619.73,163,4,2,2,New customers
16803.0,2011-10-05 14:28:00,1,332.3,65,3,5,4,Regular customers
16804.0,2011-11-16 16:43:00,3,536.99,23,2,3,3,Regular customers
16805.0,2011-06-19 11:23:00,2,460.59,174,4,4,4,High-value customers
16806.0,2011-08-28 15:27:00,4,801.49,103,4,2,3,New customers
16807.0,2011-07-20 12:00:00,3,1121.59,143,4,3,2,Inactive customers
16808.0,2011-09-01 19:34:00,2,288.42,99,4,4,4,High-value customers
16809.0,2011-11-16 15:45:00,5,914.69,23,2,2,3,At-risk customers
16810.0,2011-05-31 15:32:00,1,309.54,192,5,5,4,High-value customers
16811.0,2011-12-05 11:39:00,2,547.07,5,1,4,3,Regular customers
16812.0,2010-12-14 12:35:00,1,479.35,361,5,5,4,High-value customers
16813.0,2011-12-01 14:03:00,10,1692.98,8,1,1,2,Inactive customers
16814.0,2011-11-25 13:27:00,21,6509.1,14,2,1,1,Inactive customers
16816.0,2011-08-28 14:16:00,4,417.06,103,4,2,4,New customers
16817.0,2011-12-07 11:03:00,9,1604.75,3,1,1,2,Inactive customers
16818.0,2011-11-29 10:41:00,11,3349.57,11,1,1,1,Inactive customers
16820.0,2011-09-05 12:06:00,1,497.61,96,4,5,3,Loyal customers
16823.0,2011-04-26 15:00:00,1,358.38,227,5,5,4,High-value customers
16824.0,2011-11-24 12:38:00,2,460.64,16,2,4,4,Regular customers
16825.0,2011-11-01 11:51:00,2,775.1800000000001,39,3,4,3,Regular customers
16826.0,2011-10-19 14:05:00,1,341.7,51,3,5,4,Regular customers
16828.0,2011-09-07 15:10:00,2,128.5,93,4,4,5,High-value customers
16829.0,2011-07-06 10:48:00,1,197.22,157,4,5,5,High-value customers
16830.0,2011-11-01 11:35:00,1,325.91,39,3,5,4,Regular customers
16832.0,2011-06-08 15:36:00,3,199.15,184,5,3,5,Regular customers
16833.0,2011-12-08 14:39:00,4,1106.53,1,1,2,2,At-risk customers
16834.0,2011-04-26 09:37:00,1,413.46,228,5,5,4,High-value customers
16835.0,2011-08-03 13:50:00,2,180.85,128,4,4,5,High-value customers
16836.0,2011-10-31 10:05:00,2,251.87,40,3,4,4,Regular customers
16837.0,2011-11-08 14:27:00,11,3170.98,31,2,1,1,Inactive customers
16838.0,2011-05-26 13:13:00,2,588.85,197,5,4,3,Loyal customers
16839.0,2011-12-01 09:03:00,34,16594.35,9,1,1,1,Inactive customers
16841.0,2011-11-03 11:51:00,6,1869.82,37,3,1,2,Inactive customers
16842.0,2011-08-31 10:42:00,3,1264.19,101,4,3,2,Inactive customers
16843.0,2011-10-28 09:06:00,16,10196.57,43,3,1,1,Inactive customers
16846.0,2011-10-20 13:55:00,1,214.32,50,3,5,5,Regular customers
16847.0,2011-10-27 13:29:00,1,193.44,43,3,5,5,Regular customers
16848.0,2011-10-18 08:42:00,1,281.42,53,3,5,4,Regular customers
16849.0,2011-06-06 09:16:00,1,124.57,187,5,5,5,High-value customers
16850.0,2011-01-10 11:09:00,1,332.41,334,5,5,4,High-value customers
16851.0,2011-12-05 13:32:00,3,342.45,4,1,3,4,Regular customers
16852.0,2011-11-29 13:22:00,2,144.91000000000003,10,1,4,5,Regular customers
16855.0,2011-11-16 12:03:00,2,328.4,24,2,4,4,Regular customers
16856.0,2011-11-25 08:59:00,1,35.400000000000006,15,2,5,5,Regular customers
16858.0,2010-12-06 09:52:00,1,375.69000000000005,369,5,5,4,High-value customers
16859.0,2011-07-18 12:19:00,2,747.81,145,4,4,3,Loyal customers
16861.0,2011-10-11 09:05:00,2,173.76,60,3,4,5,Regular customers
16863.0,2011-11-08 15:26:00,2,502.8,31,2,4,3,Regular customers
16866.0,2011-07-22 10:06:00,3,207.73999999999998,141,4,3,5,Regular customers
16869.0,2011-11-17 12:02:00,4,825.42,23,2,2,3,At-risk customers
16871.0,2011-11-17 19:27:00,6,2812.34,22,2,1,1,Inactive customers
16872.0,2011-09-23 16:05:00,3,680.02,77,4,3,3,Regular customers
16873.0,2011-12-05 12:05:00,6,7123.62,5,1,1,1,Inactive customers
16875.0,2011-10-03 13:39:00,5,2095.53,67,3,2,1,Inactive customers
16877.0,2011-11-27 13:47:00,6,853.72,12,1,1,3,Inactive customers
16878.0,2011-09-16 17:39:00,1,13.3,84,4,5,5,High-value customers
16880.0,2011-11-09 11:33:00,7,1519.08,31,2,1,2,Inactive customers
16881.0,2011-10-04 10:33:00,1,432.0,67,3,5,4,Regular customers
16882.0,2011-10-04 10:42:00,3,705.12,67,3,3,3,Regular customers
16883.0,2011-06-05 12:51:00,2,276.73,187,5,4,4,High-value customers
16884.0,2011-11-02 11:52:00,2,429.84000000000003,38,3,4,4,Regular customers
16885.0,2011-11-24 13:40:00,3,471.51,15,2,3,4,Regular customers
16887.0,2011-11-04 14:07:00,1,194.88,35,3,5,5,Regular customers
16889.0,2011-05-29 11:05:00,3,1578.67,195,5,3,2,Inactive customers
16891.0,2011-12-08 11:15:00,5,809.7,2,1,2,3,At-risk customers
16892.0,2011-12-08 13:18:00,5,525.54,1,1,2,3,At-risk customers
16893.0,2010-12-08 12:06:00,1,145.93,367,5,5,5,High-value customers
16895.0,2011-10-06 12:15:00,1,219.14,65,3,5,5,Regular customers
16897.0,2011-02-13 15:02:00,2,289.78,299,5,4,4,High-value customers
16898.0,2011-11-13 15:44:00,3,508.81,26,2,3,3,Regular customers
16899.0,2011-12-02 12:03:00,6,1281.56,8,1,1,2,Inactive customers
16900.0,2011-11-23 10:32:00,3,887.11,17,2,3,3,Regular customers
16902.0,2011-08-15 14:17:00,1,1706.88,116,4,5,2,Loyal customers
16903.0,2011-11-10 15:32:00,1,373.24,29,2,5,4,Regular customers
16904.0,2011-12-05 13:10:00,16,3754.27,4,1,1,1,Inactive customers
16905.0,2011-12-04 14:01:00,7,3102.43,5,1,1,1,Inactive customers
16906.0,2011-09-19 11:49:00,4,579.77,82,4,2,3,New customers
16907.0,2011-11-10 18:04:00,5,981.65,29,2,2,2,At-risk customers
16909.0,2011-09-28 16:45:00,1,379.14,72,4,5,4,High-value customers
16910.0,2011-12-05 12:51:00,8,1510.06,4,1,1,2,Inactive customers
16912.0,2011-11-11 12:18:00,11,2575.38,29,2,1,1,Inactive customers
16913.0,2011-02-22 12:56:00,1,113.44,290,5,5,5,High-value customers
16914.0,2011-11-03 15:27:00,1,208.46,36,3,5,5,Regular customers
16915.0,2011-11-30 16:39:00,6,621.6800000000001,9,1,1,3,Inactive customers
16916.0,2011-11-16 12:08:00,2,576.26,24,2,4,3,Regular customers
16917.0,2011-03-08 11:55:00,1,391.52,277,5,5,4,High-value customers
16918.0,2011-10-21 12:50:00,6,1068.82,50,3,1,2,Inactive customers
16919.0,2011-07-06 13:35:00,11,2596.45,156,4,1,1,New customers
16921.0,2011-10-09 16:22:00,1,169.79,61,3,5,5,Regular customers
16923.0,2011-11-27 13:00:00,19,7247.61,12,1,1,1,Inactive customers
16924.0,2011-11-18 12:53:00,3,846.75,21,2,3,3,Regular customers
16926.0,2010-12-03 13:42:00,1,230.25,371,5,5,5,High-value customers
16927.0,2011-08-16 11:10:00,3,543.05,116,4,3,3,Regular customers
16928.0,2011-09-20 15:10:00,17,2847.6,80,4,1,1,New customers
16929.0,2011-12-06 08:37:00,7,1295.39,4,1,1,2,Inactive customers
16930.0,2011-11-13 16:13:00,3,380.55,26,2,3,4,Regular customers
16931.0,2011-12-04 13:15:00,21,4604.22,5,1,1,1,Inactive customers
16932.0,2011-10-17 14:12:00,1,161.94,53,3,5,5,Regular customers
16933.0,2011-12-08 12:54:00,2,563.23,1,1,4,3,Regular customers
16934.0,2011-10-16 12:40:00,2,950.9300000000001,55,3,4,2,Inactive customers
16936.0,2011-11-14 11:04:00,1,262.68,26,2,5,4,Regular customers
16938.0,2011-12-01 10:20:00,4,2736.38,9,1,2,1,At-risk customers
16940.0,2011-10-18 13:15:00,3,3049.88,52,3,3,1,Inactive customers
16942.0,2011-11-27 12:40:00,9,1920.59,13,1,1,2,Inactive customers
16943.0,2011-05-12 11:57:00,3,816.73,212,5,3,3,Regular customers
16945.0,2011-11-18 11:39:00,19,4345.5,22,2,1,1,Inactive customers
16947.0,2011-04-18 09:38:00,1,406.48,236,5,5,4,High-value customers
16948.0,2011-07-24 12:46:00,3,435.02,139,4,3,4,Regular customers
16949.0,2011-12-06 11:07:00,6,1286.27,4,1,1,2,Inactive customers
16950.0,2011-10-14 09:06:00,3,1178.56,57,3,3,2,Inactive customers
16951.0,2011-07-28 12:05:00,3,1277.75,135,4,3,2,Inactive customers
16952.0,2011-08-22 13:03:00,2,167.61,109,4,4,5,High-value customers
16953.0,2011-11-09 15:54:00,1,20.8,30,2,5,5,Regular customers
16954.0,2011-12-09 09:46:00,9,2085.08,1,1,1,1,Inactive customers
16955.0,2011-06-08 10:36:00,4,518.67,185,5,2,3,New customers
16956.0,2011-11-22 08:56:00,1,308.74,18,2,5,4,Regular customers
16957.0,2011-04-14 13:56:00,2,416.64,239,5,4,4,High-value customers
16959.0,2011-09-13 15:03:00,1,117.35000000000001,87,4,5,5,High-value customers
16960.0,2011-11-01 11:35:00,3,507.05,39,3,3,3,Regular customers
16961.0,2011-08-15 13:46:00,1,234.17,116,4,5,5,High-value customers
16963.0,2011-06-05 13:48:00,1,110.55000000000001,187,5,5,5,High-value customers
16965.0,2011-04-27 12:08:00,1,201.19,227,5,5,5,High-value customers
16966.0,2011-12-01 13:40:00,7,2154.97,8,1,1,1,Inactive customers
16967.0,2011-06-03 14:24:00,1,319.02,189,5,5,4,High-value customers
16968.0,2011-12-05 15:02:00,2,439.43,4,1,4,4,Regular customers
16969.0,2011-10-31 13:12:00,3,650.41,39,3,3,3,Regular customers
16971.0,2011-11-01 15:06:00,1,357.21,38,3,5,4,Regular customers
16976.0,2011-03-17 16:33:00,1,251.51999999999998,267,5,5,4,High-value customers
16978.0,2011-09-23 12:50:00,1,344.33,78,4,5,4,High-value customers
16979.0,2011-12-06 12:21:00,6,1852.0,4,1,1,2,Inactive customers
16980.0,2011-03-29 16:36:00,2,1078.96,255,5,4,2,Loyal customers
16982.0,2011-10-10 12:28:00,1,384.06,61,3,5,4,Regular customers
16983.0,2011-11-27 12:10:00,7,1931.25,13,1,1,2,Inactive customers
16984.0,2011-09-12 13:43:00,2,4481.35,88,4,4,1,Loyal customers
16985.0,2011-11-22 13:33:00,10,5464.12,17,2,1,1,Inactive customers
16986.0,2011-11-10 11:55:00,2,1873.2,30,2,4,2,At-risk customers
16987.0,2011-12-06 17:26:00,7,1625.05,3,1,1,2,Inactive customers
16988.0,2011-12-04 16:02:00,1,126.12,5,1,5,5,Regular customers
16989.0,2011-12-02 16:39:00,6,1133.25,7,1,1,2,Inactive customers
16990.0,2011-05-05 08:30:00,1,179.0,219,5,5,5,High-value customers
16992.0,2011-11-29 11:50:00,5,1614.31,11,1,2,2,At-risk customers
16996.0,2011-11-09 16:43:00,6,1456.96,30,2,1,2,Inactive customers
16997.0,2011-02-24 17:28:00,3,702.0,288,5,3,3,Regular customers
16998.0,2011-07-13 09:44:00,4,295.0,150,4,2,4,New customers
16999.0,2011-11-16 13:53:00,2,484.82,23,2,4,4,Regular customers
17001.0,2011-12-09 09:38:00,11,3989.57,1,1,1,1,Inactive customers
17002.0,2011-09-15 12:40:00,3,1493.73,86,4,3,2,Inactive customers
17004.0,2011-10-24 14:25:00,2,1412.94,46,3,4,2,Inactive customers
17006.0,2011-12-05 12:09:00,4,781.78,5,1,2,3,At-risk customers
17007.0,2011-10-20 10:47:00,6,889.9300000000001,51,3,1,3,Inactive customers
17010.0,2011-11-21 14:49:00,1,195.36,18,2,5,5,Regular customers
17011.0,2011-11-09 13:30:00,1,270.9,30,2,5,4,Regular customers
17014.0,2011-12-01 14:09:00,3,586.33,8,1,3,3,Regular customers
17015.0,2011-11-11 10:45:00,3,1842.56,29,2,3,2,At-risk customers
17017.0,2011-12-07 09:32:00,20,8694.26,3,1,1,1,Inactive customers
17018.0,2011-10-30 11:42:00,2,920.1,41,3,4,3,Regular customers
17019.0,2011-11-28 13:06:00,4,1272.61,11,1,2,2,At-risk customers
17022.0,2011-11-08 17:09:00,1,71.0,31,2,5,5,Regular customers
17024.0,2011-10-25 13:47:00,3,95.85,45,3,3,5,Regular customers
17025.0,2011-10-10 09:06:00,3,357.77,61,3,3,4,Regular customers
17026.0,2011-06-07 14:28:00,2,154.82999999999998,185,5,4,5,High-value customers
17027.0,2011-09-22 12:24:00,6,890.29,79,4,1,3,New customers
17029.0,2011-08-21 11:06:00,2,716.0,111,4,4,3,Loyal customers
17030.0,2011-10-07 08:49:00,1,146.87,64,3,5,5,Regular customers
17031.0,2011-11-28 10:23:00,2,380.35,12,1,4,4,Regular customers
17033.0,2011-09-14 14:34:00,3,1030.14,86,4,3,2,Inactive customers
17034.0,2011-11-23 15:14:00,3,745.52,16,2,3,3,Regular customers
17035.0,2011-04-08 11:23:00,2,433.53000000000003,246,5,4,4,High-value customers
17037.0,2011-09-13 12:49:00,1,1267.32,88,4,5,2,Loyal customers
17038.0,2011-11-09 13:50:00,1,112.4,30,2,5,5,Regular customers
17040.0,2011-07-25 10:19:00,1,449.73,138,4,5,4,High-value customers
17041.0,2011-11-13 11:21:00,3,1081.57,27,2,3,2,At-risk customers
17042.0,2011-12-07 12:26:00,5,1044.3799999999999,3,1,2,2,At-risk customers
17043.0,2011-11-07 15:33:00,4,1735.18,32,2,2,2,At-risk customers
17044.0,2011-11-14 14:28:00,1,948.48,25,2,5,2,At-risk customers
17045.0,2011-08-18 17:09:00,3,339.44,113,4,3,4,Regular customers
17046.0,2011-07-05 14:24:00,1,642.02,157,4,5,3,Loyal customers
17047.0,2011-09-15 13:27:00,3,1100.9,85,4,3,2,Inactive customers
17048.0,2011-08-14 11:49:00,3,925.35,118,4,3,3,Regular customers
17049.0,2011-12-07 10:48:00,9,5659.9800000000005,3,1,1,1,Inactive customers
17050.0,2011-09-04 13:48:00,6,3228.84,96,4,1,1,New customers
17051.0,2011-05-29 14:13:00,1,247.14000000000001,194,5,5,5,High-value customers
17052.0,2011-11-11 14:50:00,1,413.75,28,2,5,4,Regular customers
17053.0,2011-08-01 10:23:00,1,498.48,131,4,5,3,Loyal customers
17054.0,2011-11-11 12:56:00,5,1356.33,28,2,2,2,At-risk customers
17058.0,2011-09-19 10:13:00,3,1179.89,82,4,3,2,Inactive customers
17059.0,2011-11-10 12:27:00,5,3095.04,30,2,2,1,At-risk customers
17060.0,2011-03-18 13:27:00,1,234.24,266,5,5,5,High-value customers
17061.0,2011-09-27 11:24:00,11,5232.2300000000005,74,4,1,1,New customers
17062.0,2011-01-30 11:01:00,4,538.37,314,5,2,3,New customers
17063.0,2011-11-18 16:19:00,7,1461.14,21,2,1,2,Inactive customers
17064.0,2011-10-12 10:18:00,3,859.35,59,3,3,3,Regular customers
17068.0,2011-11-27 13:14:00,21,4552.14,12,1,1,1,Inactive customers
17069.0,2011-11-11 17:13:00,9,2709.7000000000003,28,2,1,1,Inactive customers
17070.0,2011-08-17 17:01:00,1,312.14,114,4,5,4,High-value customers
17071.0,2011-11-11 16:31:00,9,2429.03,28,2,1,1,Inactive customers
17073.0,2011-11-22 11:47:00,4,1446.09,18,2,2,2,At-risk customers
17075.0,2011-11-22 11:58:00,4,834.12,18,2,2,3,At-risk customers
17076.0,2011-11-03 17:53:00,3,841.0799999999999,36,3,3,3,Regular customers
17078.0,2011-11-03 19:17:00,2,378.2,36,3,4,4,Regular customers
17079.0,2011-09-22 15:34:00,1,118.80000000000001,78,4,5,5,High-value customers
17080.0,2011-11-17 12:59:00,2,287.62,22,2,4,4,Regular customers
17081.0,2011-11-14 12:56:00,2,290.16,25,2,4,4,Regular customers
17082.0,2011-11-06 15:17:00,2,2003.85,33,3,4,2,Inactive customers
17083.0,2011-08-22 15:43:00,3,1405.78,109,4,3,2,Inactive customers
17084.0,2011-11-04 14:54:00,2,2949.75,35,3,4,1,Inactive customers
17085.0,2011-08-08 14:15:00,5,1566.65,123,4,2,2,New customers
17086.0,2011-12-02 13:54:00,6,2050.08,7,1,1,2,Inactive customers
17088.0,2011-11-11 14:23:00,4,1991.01,28,2,2,2,At-risk customers
17090.0,2011-12-05 13:44:00,7,2043.95,4,1,1,2,Inactive customers
17091.0,2011-12-07 10:43:00,9,3827.76,3,1,1,1,Inactive customers
17092.0,2011-10-20 19:51:00,4,1777.78,50,3,2,2,Inactive customers
17094.0,2011-01-21 13:09:00,1,302.0,322,5,5,4,High-value customers
17095.0,2011-11-17 12:21:00,3,1324.16,23,2,3,2,At-risk customers
17096.0,2011-11-24 15:01:00,4,1022.13,15,2,2,2,At-risk customers
17097.0,2011-12-07 17:05:00,8,954.42,2,1,1,2,Inactive customers
17100.0,2011-11-21 16:36:00,2,971.74,18,2,4,2,At-risk customers
17101.0,2011-11-29 13:57:00,4,1621.73,10,1,2,2,At-risk customers
17102.0,2011-03-23 10:08:00,1,25.5,262,5,5,5,High-value customers
17105.0,2011-07-03 15:53:00,2,665.78,159,4,4,3,Loyal customers
17107.0,2011-11-06 14:14:00,6,10815.43,33,3,1,1,Inactive customers
17109.0,2011-11-10 16:59:00,6,885.04,29,2,1,3,Inactive customers
17110.0,2011-06-27 12:58:00,1,163.29999999999998,165,4,5,5,High-value customers
17111.0,2011-10-23 15:59:00,1,248.61,47,3,5,5,Regular customers
17114.0,2011-12-04 12:17:00,8,808.62,6,1,1,3,Inactive customers
17115.0,2011-12-01 14:30:00,3,837.5,8,1,3,3,Regular customers
17117.0,2011-02-24 13:54:00,1,116.19999999999999,288,5,5,5,High-value customers
17118.0,2011-01-26 12:19:00,1,157.02,318,5,5,5,High-value customers
17119.0,2011-12-06 14:40:00,2,606.91,3,1,4,3,Regular customers
17120.0,2011-04-20 15:21:00,1,307.46,233,5,5,4,High-value customers
17122.0,2011-08-12 14:33:00,1,138.32,119,4,5,5,High-value customers
17123.0,2011-07-01 10:47:00,1,345.29999999999995,162,4,5,4,High-value customers
17124.0,2011-06-07 14:02:00,1,298.89,185,5,5,4,High-value customers
17125.0,2011-10-20 14:41:00,1,259.35,50,3,5,4,Regular customers
17126.0,2011-07-10 13:52:00,5,1004.75,152,4,2,2,New customers
17128.0,2011-01-09 12:02:00,1,157.09,335,5,5,5,High-value customers
17131.0,2011-12-04 12:52:00,5,2463.17,5,1,2,1,At-risk customers
17133.0,2011-11-24 12:27:00,7,4892.240000000001,16,2,1,1,Inactive customers
17134.0,2011-08-25 09:53:00,2,425.0,107,4,4,4,High-value customers
17135.0,2011-11-23 16:48:00,7,1139.73,16,2,1,2,Inactive customers
17138.0,2011-03-09 11:54:00,1,380.5,276,5,5,4,High-value customers
17139.0,2011-11-24 10:12:00,12,10668.47,16,2,1,1,Inactive customers
17140.0,2011-04-06 13:33:00,1,465.32,247,5,5,4,High-value customers
17142.0,2011-04-14 18:22:00,1,579.0,239,5,5,3,Loyal customers
17144.0,2011-12-08 17:57:00,2,984.57,1,1,4,2,At-risk customers
17146.0,2011-08-26 12:44:00,3,749.78,106,4,3,3,Regular customers
17147.0,2011-11-17 12:32:00,4,1714.59,23,2,2,2,At-risk customers
17148.0,2011-10-19 09:59:00,1,124.88,52,3,5,5,Regular customers
17152.0,2011-05-29 12:19:00,3,1689.5,195,5,3,2,Inactive customers
17153.0,2011-11-15 13:42:00,1,213.78,24,2,5,5,Regular customers
17154.0,2011-09-25 13:42:00,1,329.34,75,4,5,4,High-value customers
17155.0,2011-11-22 12:38:00,2,251.70000000000002,18,2,4,4,Regular customers
17157.0,2011-12-02 09:10:00,2,319.0,8,1,4,4,Regular customers
17158.0,2011-11-07 15:15:00,3,1266.97,32,2,3,2,At-risk customers
17159.0,2011-11-18 10:52:00,3,1538.88,22,2,3,2,At-risk customers
17160.0,2011-11-08 14:05:00,6,3518.03,31,2,1,1,Inactive customers
17162.0,2011-11-11 11:34:00,10,1715.46,29,2,1,2,Inactive customers
17163.0,2011-11-18 08:57:00,2,293.1,22,2,4,4,Regular customers
17164.0,2011-11-07 09:14:00,7,2467.35,33,3,1,1,Inactive customers
17165.0,2011-02-28 16:39:00,1,158.68,284,5,5,5,High-value customers
17166.0,2011-11-01 09:46:00,2,206.34,39,3,4,5,Regular customers
17169.0,2011-10-13 10:25:00,2,835.78,58,3,4,3,Regular customers
17171.0,2011-02-23 16:37:00,1,224.91,289,5,5,5,High-value customers
17172.0,2011-09-22 09:36:00,1,317.76,79,4,5,4,High-value customers
17173.0,2011-12-04 14:40:00,8,3766.6,5,1,1,1,Inactive customers
17174.0,2011-05-06 11:47:00,1,59.9,218,5,5,5,High-value customers
17175.0,2011-10-26 15:31:00,4,1443.69,44,3,2,2,Inactive customers
17176.0,2011-05-22 12:41:00,1,306.13,202,5,5,4,High-value customers
17179.0,2011-06-14 16:48:00,3,711.79,178,4,3,3,Regular customers
17180.0,2011-10-14 15:46:00,4,796.03,56,3,2,3,Inactive customers
17181.0,2011-10-13 14:48:00,2,239.92000000000002,57,3,4,5,Regular customers
17183.0,2011-12-02 10:07:00,6,3347.31,8,1,1,1,Inactive customers
17186.0,2011-10-24 10:20:00,2,144.0,47,3,4,5,Regular customers
17187.0,2011-04-27 12:39:00,1,203.95,227,5,5,5,High-value customers
17188.0,2011-11-28 13:53:00,7,2474.23,11,1,1,1,Inactive customers
17189.0,2011-08-25 19:39:00,2,384.40000000000003,106,4,4,4,High-value customers
17190.0,2011-10-12 11:33:00,2,444.74,59,3,4,4,Regular customers
17191.0,2011-11-11 16:58:00,7,2095.13,28,2,1,1,Inactive customers
17193.0,2011-11-04 12:47:00,7,1699.3000000000002,36,3,1,2,Inactive customers
17194.0,2011-03-11 12:05:00,2,262.62,274,5,4,4,High-value customers
17197.0,2011-11-10 10:32:00,1,1013.01,30,2,5,2,At-risk customers
17198.0,2011-11-16 10:39:00,3,692.22,24,2,3,3,Regular customers
17201.0,2011-10-17 11:55:00,1,342.63,54,3,5,4,Regular customers
17203.0,2011-11-04 12:27:00,6,3563.85,36,3,1,1,Inactive customers
17204.0,2011-06-17 14:46:00,4,1564.56,175,4,2,2,New customers
17205.0,2011-10-17 12:46:00,1,384.08,54,3,5,4,Regular customers
17206.0,2011-10-17 13:25:00,1,204.24,53,3,5,5,Regular customers
17211.0,2011-11-13 12:03:00,8,2317.2200000000003,27,2,1,1,Inactive customers
17212.0,2011-03-31 19:42:00,1,226.85,253,5,5,5,High-value customers
17213.0,2011-10-30 14:53:00,7,2781.23,40,3,1,1,Inactive customers
17214.0,2011-10-10 13:17:00,6,1069.1200000000001,60,3,1,2,Inactive customers
17217.0,2011-04-19 17:19:00,1,113.5,234,5,5,5,High-value customers
17218.0,2011-12-05 13:52:00,10,1960.72,4,1,1,2,Inactive customers
17219.0,2011-11-08 11:25:00,1,114.23,32,2,5,5,Regular customers
17220.0,2011-11-15 13:47:00,14,3198.25,24,2,1,1,Inactive customers
17221.0,2011-12-02 13:35:00,2,335.13,7,1,4,4,Regular customers
17222.0,2011-10-05 13:58:00,1,354.15,65,3,5,4,Regular customers
17223.0,2011-02-02 15:57:00,2,426.79,310,5,4,4,High-value customers
17226.0,2011-02-04 11:52:00,1,393.49,309,5,5,4,High-value customers
17227.0,2011-11-21 10:51:00,6,939.32,19,2,1,3,Inactive customers
17228.0,2011-11-24 10:24:00,8,1906.09,16,2,1,2,Inactive customers
17229.0,2011-09-04 13:56:00,2,318.76,96,4,4,4,High-value customers
17230.0,2011-03-20 16:12:00,8,3638.41,264,5,1,1,New customers
17231.0,2011-11-27 15:18:00,10,3174.32,12,1,1,1,Inactive customers
17232.0,2011-12-07 12:21:00,2,421.52,3,1,4,4,Regular customers
17233.0,2011-11-04 14:06:00,1,190.88,35,3,5,5,Regular customers
17234.0,2011-06-10 11:20:00,1,149.89000000000001,183,5,5,5,High-value customers
17235.0,2011-11-14 15:51:00,2,550.06,25,2,4,3,Regular customers
17236.0,2011-11-27 12:00:00,6,916.13,13,1,1,3,Inactive customers
17237.0,2011-11-28 15:02:00,2,314.69,11,1,4,4,Regular customers
17238.0,2011-12-07 11:35:00,17,3744.65,3,1,1,1,Inactive customers
17239.0,2011-01-31 09:41:00,1,382.5,313,5,5,4,High-value customers
17242.0,2011-08-23 14:55:00,2,1135.04,108,4,4,2,Loyal customers
17243.0,2011-12-08 13:26:00,26,8676.85,1,1,1,1,Inactive customers
17244.0,2011-10-17 15:19:00,1,954.9,53,3,5,2,Inactive customers
17245.0,2011-05-19 10:43:00,1,171.45,205,5,5,5,High-value customers
17247.0,2011-11-24 15:21:00,1,282.19,15,2,5,4,Regular customers
17248.0,2011-08-11 13:34:00,1,318.65,120,4,5,4,High-value customers
17250.0,2011-12-06 12:15:00,2,384.52,4,1,4,4,Regular customers
17251.0,2010-12-12 11:06:00,1,283.28000000000003,363,5,5,4,High-value customers
17252.0,2011-08-15 09:45:00,2,353.86,117,4,4,4,High-value customers
17253.0,2011-11-21 12:59:00,1,178.26,18,2,5,5,Regular customers
17254.0,2011-12-05 12:46:00,2,272.44,5,1,4,4,Regular customers
17255.0,2011-10-30 12:18:00,2,298.41,41,3,4,4,Regular customers
17256.0,2011-08-24 13:30:00,2,240.0,107,4,4,5,High-value customers
17259.0,2011-07-14 15:01:00,2,603.37,148,4,4,3,Loyal customers
17262.0,2011-10-18 12:56:00,5,1253.3600000000001,52,3,2,2,Inactive customers
17263.0,2011-05-15 14:32:00,1,63.440000000000005,208,5,5,5,High-value customers
17265.0,2011-07-24 10:49:00,2,562.9,139,4,4,3,Loyal customers
17266.0,2011-12-07 14:12:00,3,310.64,2,1,3,4,Regular customers
17267.0,2011-08-04 17:22:00,2,317.62,127,4,4,4,High-value customers
17268.0,2011-08-24 10:06:00,4,763.64,108,4,2,3,New customers
17272.0,2011-10-28 16:37:00,4,2148.63,42,3,2,1,Inactive customers
17274.0,2011-11-04 13:16:00,1,111.97999999999999,35,3,5,5,Regular customers
17277.0,2011-04-26 12:47:00,2,1065.3500000000001,228,5,4,2,Loyal customers
17278.0,2011-04-12 13:10:00,1,246.04,241,5,5,5,High-value customers
17279.0,2011-10-13 11:58:00,1,187.82999999999998,58,3,5,5,Regular customers
17282.0,2011-08-01 14:29:00,3,1703.41,130,4,3,2,Inactive customers
17284.0,2011-10-10 14:38:00,6,1652.58,60,3,1,2,Inactive customers
17286.0,2011-11-18 12:47:00,1,153.92,22,2,5,5,Regular customers
17287.0,2011-11-13 13:27:00,7,1064.11,26,2,1,2,Inactive customers
17288.0,2011-11-30 16:09:00,7,1419.73,9,1,1,2,Inactive customers
17289.0,2011-11-08 12:01:00,3,944.41,32,2,3,2,At-risk customers
17290.0,2011-12-06 12:38:00,2,525.24,4,1,4,3,Regular customers
17291.0,2011-02-04 13:04:00,1,550.8000000000001,308,5,5,3,Loyal customers
17293.0,2011-12-01 14:37:00,9,1875.1100000000001,8,1,1,2,Inactive customers
17295.0,2011-11-11 10:49:00,3,556.95,29,2,3,3,Regular customers
17297.0,2011-11-22 14:43:00,1,131.78,17,2,5,5,Regular customers
17298.0,2011-08-30 16:43:00,2,498.42,101,4,4,3,Loyal customers
17299.0,2011-11-28 12:01:00,4,669.11,12,1,2,3,At-risk customers
17301.0,2011-11-18 13:43:00,1,197.63,21,2,5,5,Regular customers
17302.0,2011-11-25 09:36:00,5,1135.63,15,2,2,2,At-risk customers
17303.0,2010-12-13 13:32:00,1,250.04,361,5,5,5,High-value customers
17306.0,2011-11-29 12:14:00,19,8631.31,11,1,1,1,Inactive customers
17309.0,2011-09-05 15:20:00,1,82.75,95,4,5,5,High-value customers
17311.0,2011-09-22 14:11:00,2,1384.85,78,4,4,2,Loyal customers
17312.0,2011-07-24 11:52:00,3,644.3,139,4,3,3,Regular customers
17313.0,2011-11-08 15:45:00,1,2328.84,31,2,5,1,At-risk customers
17314.0,2011-11-15 09:41:00,8,2527.92,25,2,1,1,Inactive customers
17315.0,2011-12-08 12:15:00,38,6292.26,2,1,1,1,Inactive customers
17317.0,2011-10-24 17:19:00,3,2600.34,46,3,3,1,Inactive customers
17320.0,2011-08-31 13:31:00,3,1200.6200000000001,100,4,3,2,Inactive customers
17321.0,2011-12-01 13:41:00,2,700.86,8,1,4,3,Regular customers
17323.0,2011-11-24 17:29:00,7,921.07,15,2,1,3,Inactive customers
17324.0,2011-11-22 10:34:00,4,990.23,18,2,2,2,At-risk customers
17325.0,2011-03-04 13:09:00,1,96.8,280,5,5,5,High-value customers
17329.0,2011-11-25 14:24:00,2,523.11,14,2,4,3,Regular customers
17330.0,2011-11-17 08:56:00,2,363.9,23,2,4,4,Regular customers
17331.0,2011-08-08 11:55:00,1,175.2,124,4,5,5,High-value customers
17333.0,2011-09-15 10:11:00,1,494.25,86,4,5,3,Loyal customers
17334.0,2011-02-10 14:59:00,2,307.02,302,5,4,4,High-value customers
17337.0,2011-07-11 14:55:00,4,2027.8700000000001,151,4,2,2,New customers
17338.0,2011-11-22 14:23:00,8,6643.93,17,2,1,1,Inactive customers
17339.0,2011-09-06 13:29:00,2,243.36,94,4,4,5,High-value customers
17340.0,2011-11-10 10:45:00,11,12353.29,30,2,1,1,Inactive customers
17341.0,2011-07-06 12:33:00,3,781.36,157,4,3,3,Regular customers
17343.0,2010-12-19 15:07:00,1,193.64,355,5,5,5,High-value customers
17344.0,2011-10-24 12:56:00,1,160.57,46,3,5,5,Regular customers
17345.0,2011-11-24 15:03:00,4,537.74,15,2,2,3,At-risk customers
17346.0,2011-12-06 12:18:00,15,2676.56,4,1,1,1,Inactive customers
17347.0,2011-09-14 13:12:00,1,228.96,86,4,5,5,High-value customers
17348.0,2011-11-25 11:25:00,5,1159.52,15,2,2,2,At-risk customers
17349.0,2011-06-13 14:29:00,1,110.75,179,5,5,5,High-value customers
17350.0,2011-12-01 15:47:00,4,1286.07,8,1,2,2,At-risk customers
17351.0,2011-11-03 18:45:00,3,587.15,36,3,3,3,Regular customers
17353.0,2011-08-02 17:19:00,2,1740.0,129,4,4,2,Loyal customers
17354.0,2011-10-20 10:34:00,1,1393.06,51,3,5,2,Inactive customers
17356.0,2011-02-01 11:07:00,1,178.22,312,5,5,5,High-value customers
17357.0,2011-11-15 16:30:00,2,388.14,24,2,4,4,Regular customers
17358.0,2011-02-09 16:57:00,2,365.85,303,5,4,4,High-value customers
17359.0,2011-11-28 14:37:00,1,127.86,11,1,5,5,Regular customers
17360.0,2011-11-22 13:11:00,3,585.79,17,2,3,3,Regular customers
17361.0,2011-10-21 15:43:00,3,488.2,49,3,3,4,Regular customers
17362.0,2011-04-14 14:43:00,2,312.23,239,5,4,4,High-value customers
17364.0,2011-12-09 09:00:00,11,4481.18,1,1,1,1,Inactive customers
17365.0,2011-11-27 12:13:00,8,4801.56,13,1,1,1,Inactive customers
17367.0,2011-04-15 14:21:00,1,168.4,238,5,5,5,High-value customers
17368.0,2011-11-16 15:26:00,8,1912.67,23,2,1,2,Inactive customers
17370.0,2011-09-28 10:14:00,4,446.18,73,4,2,4,New customers
17371.0,2011-11-22 13:30:00,3,423.89,17,2,3,4,Regular customers
17372.0,2011-10-30 11:37:00,8,1342.68,41,3,1,2,Inactive customers
17373.0,2011-10-30 15:28:00,4,646.92,40,3,2,3,Inactive customers
17374.0,2011-05-05 09:05:00,2,495.77,219,5,4,3,Loyal customers
17375.0,2011-05-24 15:45:00,3,400.1,199,5,3,4,Regular customers
17376.0,2011-09-30 12:36:00,2,203.2,71,3,4,5,Regular customers
17377.0,2011-11-16 11:17:00,20,4100.92,24,2,1,1,Inactive customers
17379.0,2011-11-28 13:56:00,1,404.66,11,1,5,4,Regular customers
17381.0,2011-12-01 11:59:00,29,20275.61,9,1,1,1,Inactive customers
17382.0,2011-10-05 13:05:00,1,65.4,65,3,5,5,Regular customers
17383.0,2011-12-05 17:36:00,1,199.29,4,1,5,5,Regular customers
17384.0,2011-11-20 15:48:00,2,336.4,19,2,4,4,Regular customers
17385.0,2011-11-25 11:02:00,1,261.11,15,2,5,4,Regular customers
17386.0,2011-12-02 11:28:00,6,2686.42,8,1,1,1,Inactive customers
17387.0,2011-11-20 11:00:00,2,784.11,20,2,4,3,Regular customers
17388.0,2011-09-23 10:31:00,4,1259.56,78,4,2,2,New customers
17389.0,2011-12-09 09:38:00,34,31833.68,1,1,1,1,Inactive customers
17391.0,2011-06-29 09:58:00,2,508.8,164,4,4,3,Loyal customers
17392.0,2011-02-06 12:48:00,2,457.91,307,5,4,4,High-value customers
17394.0,2011-05-04 13:22:00,1,203.86999999999998,219,5,5,5,High-value customers
17396.0,2011-10-31 14:12:00,8,7330.8,39,3,1,1,Inactive customers
17397.0,2011-11-17 14:08:00,2,696.41,22,2,4,3,Regular customers
17398.0,2011-08-17 09:48:00,3,653.38,115,4,3,3,Regular customers
17400.0,2011-08-05 15:38:00,5,2129.96,126,4,2,1,New customers
17402.0,2011-12-05 10:15:00,13,2633.85,5,1,1,1,Inactive customers
17403.0,2011-11-03 15:18:00,1,281.62,36,3,5,4,Regular customers
17404.0,2011-12-05 16:26:00,15,31906.82,4,1,1,1,Inactive customers
17405.0,2011-12-08 17:12:00,3,1031.41,1,1,3,2,At-risk customers
17406.0,2011-01-10 15:07:00,3,2200.42,333,5,3,1,Inactive customers
17408.0,2011-06-29 12:53:00,1,32.65,163,4,5,5,High-value customers
17409.0,2011-06-08 10:36:00,2,771.85,185,5,4,3,Loyal customers
17410.0,2011-11-23 15:46:00,5,1214.72,16,2,2,2,At-risk customers
17411.0,2011-11-27 14:25:00,3,778.94,12,1,3,3,Regular customers
17412.0,2011-12-07 11:36:00,7,1258.06,3,1,1,2,Inactive customers
17414.0,2011-10-27 12:13:00,2,778.0,44,3,4,3,Regular customers
17415.0,2011-09-21 12:50:00,1,507.84,80,4,5,3,Loyal customers
17416.0,2011-11-10 12:47:00,7,6893.42,30,2,1,1,Inactive customers
17418.0,2011-10-28 13:00:00,2,463.46000000000004,42,3,4,4,Regular customers
17419.0,2011-11-28 13:47:00,12,4226.57,11,1,1,1,Inactive customers
17420.0,2011-10-20 14:52:00,3,598.83,50,3,3,3,Regular customers
17422.0,2011-11-23 13:27:00,6,1979.37,16,2,1,2,Inactive customers
17423.0,2011-10-24 13:36:00,2,698.41,46,3,4,3,Regular customers
17425.0,2011-11-20 15:30:00,2,759.17,19,2,4,3,Regular customers
17426.0,2011-12-01 18:07:00,6,5037.26,8,1,1,1,Inactive customers
17427.0,2011-09-29 11:29:00,1,100.8,72,4,5,5,High-value customers
17428.0,2011-12-09 09:45:00,28,17256.85,1,1,1,1,Inactive customers
17429.0,2011-08-03 13:22:00,3,524.9200000000001,128,4,3,3,Regular customers
17430.0,2011-11-07 09:24:00,2,265.76,33,3,4,4,Regular customers
17431.0,2011-01-30 14:36:00,1,403.3,313,5,5,4,High-value customers
17432.0,2011-11-21 17:33:00,2,365.76,18,2,4,4,Regular customers
17433.0,2011-09-12 14:24:00,1,303.15999999999997,88,4,5,4,High-value customers
17434.0,2011-12-07 13:16:00,7,2373.82,2,1,1,1,Inactive customers
17436.0,2011-12-08 12:30:00,2,216.29999999999998,2,1,4,5,Regular customers
17438.0,2011-03-31 10:26:00,1,388.45000000000005,254,5,5,4,High-value customers
17440.0,2011-07-06 11:54:00,3,186.42000000000002,157,4,3,5,Regular customers
17442.0,2011-11-03 09:17:00,6,2248.56,37,3,1,1,Inactive customers
17443.0,2011-05-04 10:47:00,1,534.24,220,5,5,3,Loyal customers
17444.0,2011-07-15 12:05:00,3,2940.04,148,4,3,1,Inactive customers
17446.0,2011-06-16 10:42:00,2,120.9,177,4,4,5,High-value customers
17447.0,2011-10-30 14:18:00,2,541.53,40,3,4,3,Regular customers
17449.0,2011-12-07 16:56:00,7,2520.86,2,1,1,1,Inactive customers
17450.0,2011-12-01 13:29:00,46,194550.79,8,1,1,1,Inactive customers
17451.0,2011-12-08 15:02:00,7,1721.4,1,1,1,2,Inactive customers
17453.0,2011-11-22 09:42:00,2,486.71999999999997,18,2,4,4,Regular customers
17454.0,2011-05-31 13:58:00,4,517.53,192,5,2,3,New customers
17455.0,2011-05-20 12:31:00,1,131.7,204,5,5,5,High-value customers
17456.0,2010-12-09 15:23:00,1,249.86,365,5,5,5,High-value customers
17457.0,2011-08-05 12:48:00,5,1737.7,127,4,2,2,New customers
17458.0,2011-11-24 13:01:00,1,316.5,15,2,5,4,Regular customers
17459.0,2011-10-27 13:25:00,2,657.3,43,3,4,3,Regular customers
17460.0,2011-09-06 15:04:00,6,622.4300000000001,94,4,1,3,New customers
17461.0,2011-11-17 10:21:00,3,757.46,23,2,3,3,Regular customers
17462.0,2011-10-10 13:56:00,2,675.69,60,3,4,3,Regular customers
17463.0,2011-11-23 13:40:00,5,1896.41,16,2,2,2,At-risk customers
17464.0,2011-07-04 13:19:00,1,289.96000000000004,158,4,5,4,High-value customers
17466.0,2011-11-29 13:15:00,2,763.28,10,1,4,3,Regular customers
17468.0,2011-11-29 15:33:00,2,137.0,10,1,4,5,Regular customers
17469.0,2011-11-23 13:15:00,5,1870.97,16,2,2,2,At-risk customers
17470.0,2011-10-26 12:42:00,5,1125.07,45,3,2,2,Inactive customers
17472.0,2011-06-01 14:57:00,3,710.29,191,5,3,3,Regular customers
17475.0,2011-09-21 14:55:00,1,194.37,79,4,5,5,High-value customers
17480.0,2011-09-23 11:39:00,1,511.82,78,4,5,3,Loyal customers
17481.0,2011-12-06 12:28:00,4,1255.59,4,1,2,2,At-risk customers
17483.0,2011-10-05 13:10:00,3,414.04,65,3,3,4,Regular customers
17486.0,2011-03-23 14:00:00,1,396.87,261,5,5,4,High-value customers
17489.0,2011-10-12 08:56:00,2,376.64,59,3,4,4,Regular customers
17490.0,2011-12-09 09:08:00,7,2092.32,1,1,1,1,Inactive customers
17491.0,2011-12-08 16:18:00,10,3558.87,1,1,1,1,Inactive customers
17492.0,2011-04-05 15:21:00,1,374.57,248,5,5,4,High-value customers
17495.0,2011-12-02 12:08:00,2,497.56,8,1,4,3,Regular customers
17496.0,2010-12-16 08:39:00,1,271.05,359,5,5,4,High-value customers
17498.0,2011-09-25 12:25:00,1,272.22,76,4,5,4,High-value customers
17499.0,2011-02-23 09:14:00,1,622.88,290,5,5,3,Loyal customers
17500.0,2011-11-22 14:25:00,3,1138.0,17,2,3,2,At-risk customers
17501.0,2011-05-03 09:47:00,2,288.6,221,5,4,4,High-value customers
17502.0,2011-11-30 13:13:00,4,689.1,9,1,2,3,At-risk customers
17503.0,2011-12-07 09:18:00,2,558.96,3,1,4,3,Regular customers
17504.0,2011-05-17 12:59:00,9,2997.0299999999997,206,5,1,1,New customers
17505.0,2011-07-01 12:50:00,2,1145.84,162,4,4,2,Loyal customers
17506.0,2011-09-25 11:39:00,1,302.2,76,4,5,4,High-value customers
17507.0,2011-03-23 11:48:00,2,605.58,262,5,4,3,Loyal customers
17508.0,2011-03-04 08:10:00,1,387.31,281,5,5,4,High-value customers
17509.0,2011-10-13 10:26:00,8,6115.14,58,3,1,1,Inactive customers
17510.0,2011-11-15 10:00:00,1,308.48,25,2,5,4,Regular customers
17511.0,2011-12-07 10:12:00,31,91062.38,3,1,1,1,Inactive customers
17512.0,2011-11-11 12:11:00,10,2924.9900000000002,29,2,1,1,Inactive customers
17513.0,2011-09-28 16:42:00,1,513.2,72,4,5,3,Loyal customers
17514.0,2011-08-03 15:45:00,1,208.65,128,4,5,5,High-value customers
17515.0,2011-11-08 14:04:00,4,639.02,31,2,2,3,At-risk customers
17516.0,2011-11-24 16:51:00,5,768.08,15,2,2,3,At-risk customers
17517.0,2011-02-04 11:48:00,1,153.94,309,5,5,5,High-value customers
17519.0,2011-11-22 16:43:00,6,1844.02,17,2,1,2,Inactive customers
17520.0,2011-10-17 12:04:00,1,546.81,54,3,5,3,Regular customers
17521.0,2011-11-10 11:22:00,3,723.2099999999999,30,2,3,3,Regular customers
17522.0,2011-12-08 12:31:00,5,1070.71,2,1,2,2,At-risk customers
17523.0,2011-11-28 13:20:00,4,652.74,11,1,2,3,At-risk customers
17524.0,2010-12-13 14:32:00,1,145.0,361,5,5,5,High-value customers
17525.0,2010-12-15 12:05:00,1,422.70000000000005,360,5,5,4,High-value customers
17526.0,2011-12-05 11:05:00,4,1195.8999999999999,5,1,2,2,At-risk customers
17527.0,2011-10-17 12:32:00,4,939.37,54,3,2,3,Inactive customers
17528.0,2011-12-08 13:27:00,8,3628.5,1,1,1,1,Inactive customers
17530.0,2011-12-08 18:42:00,10,2385.0,1,1,1,1,Inactive customers
17531.0,2011-06-02 19:17:00,1,296.7,190,5,5,4,High-value customers
17534.0,2011-10-17 12:47:00,1,223.36,54,3,5,5,Regular customers
17535.0,2011-03-04 15:20:00,1,164.4,280,5,5,5,High-value customers
17536.0,2011-06-15 13:23:00,1,76.5,177,4,5,5,High-value customers
17537.0,2011-11-10 10:56:00,2,897.62,30,2,4,3,Regular customers
17538.0,2011-11-14 12:12:00,1,98.42,26,2,5,5,Regular customers
17540.0,2011-11-15 11:56:00,2,578.9,25,2,4,3,Regular customers
17542.0,2011-03-15 11:45:00,1,170.75,270,5,5,5,High-value customers
17545.0,2011-10-27 14:04:00,3,645.96,43,3,3,3,Regular customers
17548.0,2011-04-20 12:01:00,1,103.3,234,5,5,5,High-value customers
17549.0,2011-11-16 09:59:00,2,148.86,24,2,4,5,Regular customers
17550.0,2011-05-26 14:09:00,3,267.16,197,5,3,4,Regular customers
17551.0,2010-12-15 14:12:00,1,306.84,359,5,5,4,High-value customers
17552.0,2011-10-10 17:00:00,4,930.41,60,3,2,3,Inactive customers
17553.0,2011-08-02 10:00:00,1,1487.6,130,4,5,2,Loyal customers
17554.0,2011-12-08 14:15:00,5,1952.45,1,1,2,2,At-risk customers
17555.0,2011-11-20 12:22:00,2,483.26,20,2,4,4,Regular customers
17556.0,2011-05-18 10:48:00,1,157.9,206,5,5,5,High-value customers
17557.0,2011-11-25 12:57:00,3,541.46,14,2,3,3,Regular customers
17560.0,2011-09-06 09:18:00,4,854.95,95,4,2,3,New customers
17561.0,2011-11-20 12:53:00,1,167.62,19,2,5,5,Regular customers
17562.0,2011-11-25 14:21:00,7,1122.38,14,2,1,2,Inactive customers
17564.0,2011-11-15 13:27:00,3,454.01,24,2,3,4,Regular customers
17566.0,2011-12-01 19:54:00,2,901.21,8,1,4,3,Regular customers
17567.0,2011-12-02 15:48:00,8,4331.48,7,1,1,1,Inactive customers
17569.0,2011-01-11 14:15:00,1,344.14,332,5,5,4,High-value customers
17571.0,2011-10-20 15:57:00,4,1498.51,50,3,2,2,Inactive customers
17572.0,2011-09-29 17:53:00,4,226.75000000000003,71,3,2,5,Inactive customers
17573.0,2011-11-10 13:01:00,3,380.6,29,2,3,4,Regular customers
17574.0,2011-04-11 09:47:00,1,185.65,243,5,5,5,High-value customers
17576.0,2011-12-01 17:56:00,19,3622.68,8,1,1,1,Inactive customers
17578.0,2011-05-05 18:38:00,1,143.45999999999998,218,5,5,5,High-value customers
17579.0,2011-12-05 12:28:00,3,448.90000000000003,5,1,3,4,Regular customers
17580.0,2011-04-01 12:41:00,3,215.72,253,5,3,5,Regular customers
17581.0,2011-12-09 12:21:00,25,11045.04,1,1,1,1,Inactive customers
17582.0,2011-04-17 13:18:00,1,175.27,236,5,5,5,High-value customers
17584.0,2011-12-02 17:12:00,2,1242.3,7,1,4,2,At-risk customers
17585.0,2011-08-22 13:30:00,4,1133.07,109,4,2,2,New customers
17588.0,2011-08-31 13:37:00,3,1240.2,100,4,3,2,Inactive customers
17589.0,2011-10-10 16:58:00,4,2404.17,60,3,2,1,Inactive customers
17590.0,2011-12-07 12:55:00,3,1479.22,2,1,3,2,At-risk customers
17591.0,2011-09-27 13:42:00,7,2225.9700000000003,73,4,1,1,New customers
17593.0,2011-12-06 10:30:00,5,3927.34,4,1,2,1,At-risk customers
17594.0,2011-09-15 16:34:00,2,993.18,85,4,4,2,Loyal customers
17595.0,2011-11-27 16:08:00,2,388.79,12,1,4,4,Regular customers
17596.0,2011-11-16 14:11:00,7,2827.93,23,2,1,1,Inactive customers
17597.0,2011-05-10 11:54:00,1,2044.3700000000001,214,5,5,2,Loyal customers
17600.0,2011-11-22 09:43:00,1,161.67000000000002,18,2,5,5,Regular customers
17601.0,2011-04-14 18:02:00,1,116.00999999999999,239,5,5,5,High-value customers
17602.0,2011-12-07 13:53:00,6,5102.97,2,1,1,1,Inactive customers
17603.0,2011-09-22 14:18:00,1,394.72,78,4,5,4,High-value customers
17604.0,2011-05-06 13:43:00,2,309.36,217,5,4,4,High-value customers
17608.0,2011-11-06 13:06:00,2,193.42,33,3,4,5,Regular customers
17609.0,2011-10-30 12:28:00,5,1112.22,41,3,2,2,Inactive customers
17611.0,2011-12-02 13:29:00,15,3984.22,7,1,1,1,Inactive customers
17612.0,2011-10-17 14:59:00,6,2048.45,53,3,1,2,Inactive customers
17613.0,2011-11-17 10:51:00,14,4559.150000000001,23,2,1,1,Inactive customers
17614.0,2011-10-13 16:01:00,1,390.07,57,3,5,4,Regular customers
17615.0,2011-08-01 14:06:00,3,329.6,130,4,3,4,Regular customers
17616.0,2011-06-19 10:11:00,3,571.1999999999999,174,4,3,3,Regular customers
17618.0,2011-12-04 11:50:00,3,971.58,6,1,3,2,At-risk customers
17619.0,2011-01-31 14:18:00,1,218.52,312,5,5,5,High-value customers
17620.0,2011-10-11 12:08:00,1,81.44,60,3,5,5,Regular customers
17621.0,2011-11-18 17:11:00,3,1379.9,21,2,3,2,At-risk customers
17623.0,2011-11-07 11:32:00,1,527.0500000000001,33,3,5,3,Regular customers
17624.0,2011-11-25 10:52:00,2,843.48,15,2,4,3,Regular customers
17625.0,2011-11-21 13:36:00,4,2047.0,18,2,2,2,At-risk customers
17628.0,2011-09-19 15:21:00,1,75.75,81,4,5,5,High-value customers
17629.0,2011-12-04 10:56:00,8,1814.12,6,1,1,2,Inactive customers
17630.0,2011-06-23 11:58:00,2,503.59999999999997,170,4,4,3,Loyal customers
17631.0,2011-12-08 09:47:00,3,528.33,2,1,3,3,Regular customers
17633.0,2011-11-08 13:25:00,4,1324.84,31,2,2,2,At-risk customers
17634.0,2011-11-03 13:09:00,9,2361.9700000000003,36,3,1,1,Inactive customers
17636.0,2011-11-20 14:40:00,1,285.56,19,2,5,4,Regular customers
17637.0,2011-11-08 12:51:00,2,547.0600000000001,31,2,4,3,Regular customers
17639.0,2011-03-08 15:22:00,1,108.5,276,5,5,5,High-value customers
17640.0,2011-09-14 09:13:00,1,621.66,87,4,5,3,Loyal customers
17642.0,2011-08-12 09:11:00,2,712.29,120,4,4,3,Loyal customers
17643.0,2010-12-01 14:38:00,1,101.55,373,5,5,5,High-value customers
17644.0,2011-12-08 13:43:00,11,2895.64,1,1,1,1,Inactive customers
17646.0,2011-05-04 13:17:00,3,1008.39,219,5,3,2,Inactive customers
17647.0,2011-10-05 15:38:00,1,133.06,65,3,5,5,Regular customers
17648.0,2011-10-10 09:41:00,4,1797.5,61,3,2,2,Inactive customers
17649.0,2011-07-24 15:53:00,1,868.49,138,4,5,3,Loyal customers
17650.0,2011-11-18 14:52:00,1,166.08,21,2,5,5,Regular customers
17651.0,2011-11-28 10:29:00,10,3945.0,12,1,1,1,Inactive customers
17652.0,2011-11-14 12:55:00,12,4867.72,25,2,1,1,Inactive customers
17653.0,2011-11-03 12:46:00,4,1207.56,37,3,2,2,Inactive customers
17654.0,2011-03-07 13:17:00,1,117.55,277,5,5,5,High-value customers
17655.0,2011-11-29 11:34:00,7,2638.94,11,1,1,1,Inactive customers
17656.0,2011-09-27 13:04:00,5,1674.69,73,4,2,2,New customers
17658.0,2011-11-14 12:07:00,2,595.42,26,2,4,3,Regular customers
17659.0,2011-11-22 13:29:00,12,2999.46,17,2,1,1,Inactive customers
17660.0,2011-07-21 13:37:00,1,196.0,141,4,5,5,High-value customers
17663.0,2011-11-14 08:56:00,7,1802.91,26,2,1,2,Inactive customers
17664.0,2011-11-21 11:29:00,2,604.64,19,2,4,3,Regular customers
17666.0,2011-12-06 09:06:00,2,728.16,4,1,4,3,Regular customers
17667.0,2011-10-04 14:32:00,5,2055.51,66,3,2,2,Inactive customers
17668.0,2011-12-08 13:25:00,2,347.75,1,1,4,4,Regular customers
17669.0,2011-10-28 08:53:00,7,3406.7200000000003,43,3,1,1,Inactive customers
17670.0,2011-04-26 09:12:00,1,205.7,228,5,5,5,High-value customers
17671.0,2011-11-24 12:21:00,4,1572.71,16,2,2,2,At-risk customers
17672.0,2011-10-20 14:18:00,2,3178.17,50,3,4,1,Inactive customers
17673.0,2011-12-08 12:50:00,6,1629.12,2,1,1,2,Inactive customers
17674.0,2011-09-26 13:35:00,2,551.04,74,4,4,3,Loyal customers
17675.0,2011-12-08 18:03:00,31,20374.28,1,1,1,1,Inactive customers
17676.0,2011-12-05 15:16:00,6,1387.68,4,1,1,2,Inactive customers
17677.0,2011-12-08 09:56:00,30,16363.23,2,1,1,1,Inactive customers
17678.0,2011-03-21 11:52:00,1,298.11,264,5,5,4,High-value customers
17679.0,2011-10-18 07:43:00,2,1992.1100000000001,53,3,4,2,Inactive customers
17680.0,2011-11-16 12:42:00,1,184.4,24,2,5,5,Regular customers
17682.0,2011-11-29 15:59:00,6,2474.33,10,1,1,1,Inactive customers
17684.0,2011-10-27 11:10:00,1,239.41,44,3,5,5,Regular customers
17685.0,2011-11-23 11:36:00,7,3191.53,17,2,1,1,Inactive customers
17686.0,2011-12-02 15:39:00,7,5739.46,7,1,1,1,Inactive customers
17690.0,2011-11-09 15:17:00,15,4757.95,30,2,1,1,Inactive customers
17691.0,2010-12-16 17:20:00,2,290.40000000000003,358,5,4,4,High-value customers
17692.0,2011-08-04 14:01:00,4,740.9399999999999,127,4,2,3,New customers
17693.0,2011-07-25 15:48:00,1,200.47,137,4,5,5,High-value customers
17694.0,2011-07-21 12:00:00,1,283.12,142,4,5,4,High-value customers
17695.0,2011-07-31 10:40:00,2,765.34,132,4,4,3,Loyal customers
17696.0,2011-11-01 13:43:00,8,2285.71,38,3,1,1,Inactive customers
17697.0,2011-04-17 15:40:00,1,338.95,236,5,5,4,High-value customers
17698.0,2011-03-24 11:34:00,1,154.95,261,5,5,5,High-value customers
17700.0,2011-11-23 11:51:00,4,2534.64,17,2,2,1,At-risk customers
17701.0,2011-04-01 12:25:00,1,417.95,253,5,5,4,High-value customers
17702.0,2011-11-09 16:03:00,4,1824.37,30,2,2,2,At-risk customers
17703.0,2011-11-04 15:51:00,3,798.74,35,3,3,3,Regular customers
17704.0,2011-06-24 09:40:00,2,885.19,169,4,4,3,Loyal customers
17705.0,2011-12-06 13:45:00,9,1823.52,3,1,1,2,Inactive customers
17706.0,2011-12-05 13:34:00,17,10504.49,4,1,1,1,Inactive customers
17707.0,2011-06-07 15:03:00,2,152.4,185,5,4,5,High-value customers
17708.0,2011-06-05 10:12:00,2,267.08,188,5,4,4,High-value customers
17709.0,2011-06-23 11:55:00,1,137.45,170,4,5,5,High-value customers
17711.0,2011-11-29 11:40:00,2,385.1,11,1,4,4,Regular customers
17712.0,2011-10-26 12:28:00,1,522.91,45,3,5,3,Regular customers
17714.0,2011-01-23 10:32:00,1,153.0,321,5,5,5,High-value customers
17715.0,2011-05-23 12:32:00,1,326.4,201,5,5,4,High-value customers
17716.0,2011-11-17 12:00:00,11,5655.99,23,2,1,1,Inactive customers
17718.0,2011-04-21 13:39:00,1,139.35,232,5,5,5,High-value customers
17719.0,2011-11-02 10:36:00,15,5396.04,38,3,1,1,Inactive customers
17720.0,2011-11-13 15:04:00,4,1195.94,26,2,2,2,At-risk customers
17722.0,2011-09-04 15:22:00,4,2424.04,96,4,2,1,New customers
17723.0,2011-08-04 18:37:00,6,3276.4000000000005,127,4,1,1,New customers
17724.0,2011-09-29 15:26:00,3,1033.0,71,3,3,2,Inactive customers
17725.0,2011-11-23 16:34:00,11,3439.08,16,2,1,1,Inactive customers
17727.0,2011-11-24 17:06:00,1,1060.25,15,2,5,2,At-risk customers
17728.0,2011-12-06 08:52:00,3,2876.01,4,1,3,1,At-risk customers
17730.0,2011-12-06 15:43:00,13,5298.4800000000005,3,1,1,1,Inactive customers
17731.0,2011-09-21 15:02:00,4,1240.11,79,4,2,2,New customers
17732.0,2010-12-02 09:29:00,1,303.97,373,5,5,4,High-value customers
17733.0,2011-11-01 08:16:00,2,692.19,39,3,4,3,Regular customers
17734.0,2011-10-17 12:33:00,3,700.63,54,3,3,3,Regular customers
17735.0,2011-12-07 16:47:00,19,13110.02,2,1,1,1,Inactive customers
17736.0,2011-11-30 15:36:00,3,377.44,9,1,3,4,Regular customers
17737.0,2011-11-30 15:16:00,2,168.24,9,1,4,5,Regular customers
17738.0,2011-11-20 15:05:00,4,1879.05,19,2,2,2,At-risk customers
17739.0,2011-11-28 09:12:00,7,2791.35,12,1,1,1,Inactive customers
17742.0,2011-08-18 15:28:00,2,355.11,113,4,4,4,High-value customers
17744.0,2011-12-06 12:11:00,6,2322.4,4,1,1,1,Inactive customers
17746.0,2011-04-13 14:31:00,1,110.25,240,5,5,5,High-value customers
17747.0,2011-08-19 08:13:00,1,71.4,113,4,5,5,High-value customers
17749.0,2011-06-14 15:45:00,2,674.52,178,4,4,3,Loyal customers
17750.0,2011-12-04 14:09:00,9,1797.57,5,1,1,2,Inactive customers
17752.0,2010-12-15 16:19:00,1,80.64,359,5,5,5,High-value customers
17754.0,2011-12-09 11:20:00,5,1772.26,1,1,2,2,At-risk customers
17757.0,2011-12-08 15:31:00,30,5605.29,1,1,1,1,Inactive customers
17758.0,2011-11-20 14:45:00,8,3456.7000000000003,19,2,1,1,Inactive customers
17759.0,2011-11-22 16:02:00,3,834.99,17,2,3,3,Regular customers
17760.0,2011-11-18 10:56:00,2,287.59,22,2,4,4,Regular customers
17761.0,2011-11-07 10:23:00,1,712.78,33,3,5,3,Regular customers
17763.0,2011-03-21 14:25:00,1,15.0,263,5,5,5,High-value customers
17764.0,2011-10-20 11:03:00,2,818.8199999999999,51,3,4,3,Regular customers
17765.0,2011-07-04 12:41:00,3,371.88,159,4,3,4,Regular customers
17767.0,2011-11-24 14:42:00,1,271.2,15,2,5,4,Regular customers
17768.0,2011-12-01 13:22:00,3,2273.1800000000003,8,1,3,1,At-risk customers
17769.0,2011-11-27 11:18:00,10,3997.98,13,1,1,1,Inactive customers
17770.0,2011-05-25 12:34:00,5,1143.27,199,5,2,2,New customers
17771.0,2011-10-14 11:43:00,2,245.81,57,3,4,5,Regular customers
17772.0,2011-11-29 11:05:00,2,182.77,11,1,4,5,Regular customers
17774.0,2011-09-04 12:49:00,4,1225.41,97,4,2,2,New customers
17775.0,2011-03-30 10:50:00,1,56.4,255,5,5,5,High-value customers
17777.0,2011-11-15 12:02:00,3,665.86,25,2,3,3,Regular customers
17779.0,2011-11-18 14:15:00,3,658.57,21,2,3,3,Regular customers
17781.0,2011-07-03 16:00:00,2,188.02,159,4,4,5,High-value customers
17783.0,2011-09-28 16:07:00,2,283.47,72,4,4,4,High-value customers
17785.0,2011-10-17 13:43:00,1,131.94,53,3,5,5,Regular customers
17786.0,2011-09-15 12:51:00,2,278.74,85,4,4,4,High-value customers
17787.0,2011-07-10 11:24:00,4,1865.19,153,4,2,2,New customers
17788.0,2011-09-27 10:09:00,2,1117.9,74,4,4,2,Loyal customers
17789.0,2011-03-03 13:14:00,1,225.9,281,5,5,5,High-value customers
17790.0,2011-11-13 11:30:00,14,1965.55,27,2,1,2,Inactive customers
17791.0,2011-11-10 12:09:00,1,106.1,30,2,5,5,Regular customers
17793.0,2011-11-14 14:24:00,1,323.04,25,2,5,4,Regular customers
17795.0,2011-06-13 12:36:00,2,350.39,180,5,4,4,High-value customers
17796.0,2011-10-30 15:38:00,4,697.9,40,3,2,3,Inactive customers
17797.0,2011-11-17 13:21:00,3,780.43,22,2,3,3,Regular customers
17799.0,2011-11-17 15:16:00,10,3055.93,22,2,1,1,Inactive customers
17800.0,2011-11-02 12:57:00,9,1199.01,37,3,1,2,Inactive customers
17802.0,2011-09-18 14:56:00,3,1285.04,82,4,3,2,Inactive customers
17805.0,2011-09-27 11:49:00,1,512.31,74,4,5,3,Loyal customers
17806.0,2011-11-28 14:12:00,1,546.04,11,1,5,3,Regular customers
17809.0,2011-11-23 12:59:00,12,5411.91,16,2,1,1,Inactive customers
17811.0,2011-12-05 13:46:00,39,7837.7300000000005,4,1,1,1,Inactive customers
17812.0,2011-11-27 11:47:00,4,732.16,13,1,2,3,At-risk customers
17813.0,2011-11-25 16:13:00,5,1770.8799999999999,14,2,2,2,At-risk customers
17816.0,2011-11-03 11:34:00,4,36.56,37,3,2,5,Inactive customers
17817.0,2011-12-05 14:39:00,3,387.68,4,1,3,4,Regular customers
17819.0,2011-09-29 10:52:00,7,3704.87,72,4,1,1,New customers
17824.0,2011-10-19 14:14:00,1,298.4,51,3,5,4,Regular customers
17827.0,2011-12-04 15:00:00,5,1995.46,5,1,2,2,At-risk customers
17828.0,2011-11-17 08:41:00,4,1820.09,23,2,2,2,At-risk customers
17829.0,2011-02-14 12:46:00,1,889.24,299,5,5,3,Loyal customers
17830.0,2011-12-08 12:28:00,3,398.7,2,1,3,4,Regular customers
17831.0,2011-11-06 15:09:00,1,35.400000000000006,33,3,5,5,Regular customers
17832.0,2011-10-21 11:43:00,1,155.37,50,3,5,5,Regular customers
17835.0,2011-12-07 11:48:00,3,350.64,3,1,3,4,Regular customers
17836.0,2011-10-23 16:13:00,1,110.21000000000001,47,3,5,5,Regular customers
17837.0,2011-10-28 16:13:00,8,1593.38,42,3,1,2,Inactive customers
17838.0,2011-11-13 11:20:00,5,2779.3,27,2,2,1,At-risk customers
17839.0,2011-10-28 17:27:00,1,338.8,42,3,5,4,Regular customers
17841.0,2011-12-08 12:07:00,124,40991.57,2,1,1,1,Inactive customers
17843.0,2011-02-09 15:33:00,1,205.48,303,5,5,5,High-value customers
17844.0,2011-08-25 11:27:00,1,51.559999999999995,107,4,5,5,High-value customers
17846.0,2011-09-15 15:20:00,1,2033.1,85,4,5,2,Loyal customers
17848.0,2011-09-19 16:49:00,9,901.1999999999999,81,4,1,3,New customers
17849.0,2011-05-05 13:46:00,4,605.8000000000001,218,5,2,3,New customers
17850.0,2010-12-02 15:27:00,34,5391.21,372,5,1,1,New customers
17852.0,2011-11-28 12:36:00,2,114.34,12,1,4,5,Regular customers
17854.0,2011-06-07 16:21:00,2,311.26,185,5,4,4,High-value customers
17855.0,2010-12-02 09:44:00,1,208.97,373,5,5,5,High-value customers
17856.0,2011-12-08 09:40:00,4,1418.03,2,1,2,2,At-risk customers
17857.0,2011-12-05 13:13:00,23,26879.04,4,1,1,1,Inactive customers
17858.0,2011-12-04 11:56:00,12,5155.66,6,1,1,1,Inactive customers
17859.0,2011-02-08 10:32:00,1,148.21,305,5,5,5,High-value customers
17860.0,2010-12-06 12:41:00,1,252.8,369,5,5,4,High-value customers
17861.0,2011-12-06 16:21:00,8,2100.8,3,1,1,1,Inactive customers
17862.0,2011-01-20 12:23:00,1,330.9,324,5,5,4,High-value customers
17863.0,2011-10-11 13:45:00,6,3160.0,59,3,1,1,Inactive customers
17864.0,2011-11-27 11:15:00,3,597.5,13,1,3,3,Regular customers
17865.0,2011-11-09 12:08:00,20,10526.32,31,2,1,1,Inactive customers
17866.0,2011-07-20 11:07:00,1,329.65,143,4,5,4,High-value customers
17867.0,2011-11-09 14:15:00,6,1197.1000000000001,30,2,1,2,Inactive customers
17869.0,2011-08-24 16:16:00,5,428.18,107,4,2,4,New customers
17870.0,2011-12-07 15:07:00,12,1894.35,2,1,1,2,Inactive customers
17871.0,2011-05-19 11:32:00,1,155.9,205,5,5,5,High-value customers
17873.0,2011-09-20 16:41:00,5,1859.16,80,4,2,2,New customers
17874.0,2011-06-07 12:54:00,6,683.46,185,5,1,3,New customers
17877.0,2011-06-22 13:00:00,1,237.61,170,4,5,5,High-value customers
17878.0,2011-10-27 11:24:00,1,379.45,44,3,5,4,Regular customers
17879.0,2011-06-19 12:36:00,1,178.51999999999998,174,4,5,5,High-value customers
17880.0,2010-12-10 10:21:00,1,458.92,365,5,5,4,High-value customers
17881.0,2011-02-08 17:16:00,1,133.35000000000002,304,5,5,5,High-value customers
17883.0,2011-12-06 17:49:00,4,671.77,3,1,2,3,At-risk customers
17884.0,2011-12-06 11:33:00,4,717.45,4,1,2,3,At-risk customers
17885.0,2011-11-27 14:40:00,1,190.19,12,1,5,5,Regular customers
17886.0,2011-11-08 10:09:00,3,899.61,32,2,3,3,Regular customers
17887.0,2011-08-02 17:29:00,1,111.35,129,4,5,5,High-value customers
17888.0,2011-11-18 13:45:00,8,726.05,21,2,1,3,Inactive customers
17889.0,2011-05-11 16:26:00,2,203.87,212,5,4,5,High-value customers
17890.0,2011-01-21 11:19:00,2,602.09,323,5,4,3,Loyal customers
17891.0,2011-06-30 20:08:00,1,203.85999999999999,162,4,5,5,High-value customers
17892.0,2011-10-14 16:49:00,3,244.1,56,3,3,5,Regular customers
17893.0,2011-04-28 13:50:00,1,112.25,225,5,5,5,High-value customers
17894.0,2011-09-29 09:23:00,8,1119.81,72,4,1,2,New customers
17895.0,2011-10-26 17:00:00,1,98.0,44,3,5,5,Regular customers
17896.0,2011-11-16 13:59:00,1,256.32,23,2,5,4,Regular customers
17897.0,2011-06-20 11:23:00,3,566.6,173,4,3,3,Regular customers
17898.0,2011-09-15 14:56:00,2,152.06,85,4,4,5,High-value customers
17899.0,2011-07-03 14:58:00,1,155.8,159,4,5,5,High-value customers
17900.0,2011-06-02 14:38:00,2,112.19999999999999,190,5,4,5,High-value customers
17901.0,2011-11-10 17:29:00,1,110.38,29,2,5,5,Regular customers
17904.0,2011-11-18 12:57:00,1,191.67,21,2,5,5,Regular customers
17905.0,2011-09-29 17:33:00,4,800.24,71,3,2,3,Inactive customers
17906.0,2011-04-06 17:25:00,1,72.9,247,5,5,5,High-value customers
17908.0,2010-12-01 11:45:00,1,243.28,374,5,5,5,High-value customers
17911.0,2011-11-30 14:52:00,1,366.23,9,1,5,4,Regular customers
17912.0,2011-02-02 14:25:00,5,311.01,310,5,2,4,New customers
17913.0,2011-10-12 10:45:00,2,411.6,59,3,4,4,Regular customers
17914.0,2011-12-06 11:58:00,1,336.43,4,1,5,4,Regular customers
17917.0,2011-10-25 13:20:00,3,341.28,45,3,3,4,Regular customers
17919.0,2011-09-12 13:41:00,1,1304.04,88,4,5,2,Loyal customers
17920.0,2011-12-05 14:29:00,17,4204.1,4,1,1,1,Inactive customers
17921.0,2011-10-06 18:56:00,4,826.52,64,3,2,3,Inactive customers
17923.0,2011-03-02 15:15:00,1,207.50000000000003,282,5,5,5,High-value customers
17924.0,2011-11-28 09:11:00,7,2962.5,12,1,1,1,Inactive customers
17925.0,2010-12-02 10:10:00,1,244.08,373,5,5,5,High-value customers
17926.0,2011-07-29 14:39:00,2,397.29,133,4,4,4,High-value customers
17928.0,2011-10-25 13:52:00,2,212.54,45,3,4,5,Regular customers
17929.0,2011-11-28 16:01:00,4,843.0,11,1,2,3,At-risk customers
17930.0,2011-11-04 10:23:00,5,1740.48,36,3,2,2,Inactive customers
17931.0,2011-07-28 18:33:00,2,408.36,134,4,4,4,High-value customers
17932.0,2011-11-10 19:49:00,3,1331.57,29,2,3,2,At-risk customers
17934.0,2011-10-19 11:16:00,2,704.25,52,3,4,3,Regular customers
17935.0,2011-07-24 13:18:00,2,145.79,138,4,4,5,High-value customers
17936.0,2011-12-04 13:32:00,1,389.84,5,1,5,4,Regular customers
17937.0,2011-12-01 11:45:00,7,4301.22,9,1,1,1,Inactive customers
17939.0,2011-07-03 12:27:00,1,99.14,160,4,5,5,High-value customers
17940.0,2011-10-21 13:27:00,10,4106.4400000000005,49,3,1,1,Inactive customers
17941.0,2011-08-01 08:30:00,1,304.56,131,4,5,4,High-value customers
17942.0,2011-12-02 10:45:00,1,77.50000000000001,8,1,5,5,Regular customers
17946.0,2011-04-20 17:00:00,2,149.57999999999998,233,5,4,5,High-value customers
17947.0,2011-11-02 13:05:00,1,176.68,37,3,5,5,Regular customers
17948.0,2011-07-15 12:58:00,1,358.56000000000006,147,4,5,4,High-value customers
17949.0,2011-12-08 18:46:00,45,58510.48,1,1,1,1,Inactive customers
17950.0,2011-09-28 15:18:00,3,482.2,72,4,3,4,Regular customers
17951.0,2011-10-31 12:30:00,3,1008.5400000000001,40,3,3,2,Inactive customers
17954.0,2011-12-04 14:15:00,12,2332.72,5,1,1,1,Inactive customers
17955.0,2011-05-25 12:00:00,4,557.3,199,5,2,3,New customers
17956.0,2011-04-04 13:47:00,1,12.75,249,5,5,5,High-value customers
17957.0,2011-10-04 14:58:00,1,111.68,66,3,5,5,Regular customers
17958.0,2011-08-15 12:19:00,1,508.4599999999999,117,4,5,3,Loyal customers
17960.0,2011-06-21 14:15:00,1,73.78,171,4,5,5,High-value customers
17961.0,2011-11-18 16:55:00,39,1296.44,21,2,1,2,Inactive customers
17962.0,2011-07-20 14:16:00,1,102.83,142,4,5,5,High-value customers
17964.0,2011-11-08 10:44:00,2,471.7,32,2,4,4,Regular customers
17965.0,2011-11-02 09:31:00,14,2622.57,38,3,1,1,Inactive customers
17966.0,2011-11-02 10:26:00,5,1098.43,38,3,2,2,Inactive customers
17967.0,2010-12-03 11:19:00,1,123.07,372,5,5,5,High-value customers
17968.0,2010-12-01 12:23:00,1,277.35,374,5,5,4,High-value customers
17969.0,2011-06-26 13:00:00,2,228.2,166,4,4,5,High-value customers
17970.0,2011-05-12 20:03:00,1,582.59,211,5,5,3,Loyal customers
17972.0,2011-04-12 12:16:00,1,136.04,242,5,5,5,High-value customers
17973.0,2011-10-19 10:34:00,1,337.04,52,3,5,4,Regular customers
17974.0,2011-11-15 11:37:00,3,740.79,25,2,3,3,Regular customers
17975.0,2011-11-24 13:27:00,13,4488.81,15,2,1,1,Inactive customers
17976.0,2010-12-02 13:49:00,1,353.19,372,5,5,4,High-value customers
17977.0,2011-11-10 13:28:00,1,288.14,29,2,5,4,Regular customers
17978.0,2010-12-09 14:05:00,1,300.91999999999996,365,5,5,4,High-value customers
17979.0,2011-11-04 12:05:00,4,757.71,36,3,2,3,Inactive customers
17980.0,2011-06-27 12:01:00,3,811.45,166,4,3,3,Regular customers
17984.0,2011-07-17 15:59:00,1,152.68,145,4,5,5,High-value customers
17985.0,2011-11-17 14:24:00,1,634.95,22,2,5,3,Regular customers
17986.0,2011-10-14 14:22:00,1,20.8,56,3,5,5,Regular customers
17987.0,2011-06-07 14:22:00,1,198.57,185,5,5,5,High-value customers
17988.0,2011-11-28 11:00:00,7,201.12,12,1,1,5,Inactive customers
17990.0,2011-04-17 11:44:00,3,630.84,237,5,3,3,Regular customers
17991.0,2011-04-28 15:58:00,2,93.35,225,5,4,5,High-value customers
17994.0,2011-08-10 11:41:00,4,678.49,122,4,2,3,New customers
17995.0,2011-03-03 12:30:00,1,76.1,282,5,5,5,High-value customers
17997.0,2011-09-26 16:13:00,8,1970.6699999999998,74,4,1,2,New customers
17999.0,2011-11-02 15:56:00,2,382.06,37,3,4,4,Regular customers
18001.0,2011-11-27 16:02:00,2,417.23,12,1,4,4,Regular customers
18004.0,2010-12-12 13:47:00,1,169.47,362,5,5,5,High-value customers
18005.0,2011-12-06 11:51:00,2,249.72,4,1,4,5,Regular customers
18006.0,2011-11-16 16:52:00,1,444.68,23,2,5,4,Regular customers
18008.0,2011-09-30 15:17:00,9,2116.19,70,3,1,1,Inactive customers
18009.0,2011-04-18 13:36:00,1,257.34,235,5,5,4,High-value customers
18010.0,2011-03-28 12:27:00,1,174.8,257,5,5,5,High-value customers
18011.0,2010-12-01 17:35:00,1,102.78999999999999,373,5,5,5,High-value customers
18013.0,2011-07-07 14:11:00,2,187.29,155,4,4,5,High-value customers
18014.0,2011-11-11 15:28:00,1,166.42,28,2,5,5,Regular customers
18015.0,2011-12-05 14:49:00,1,120.03,4,1,5,5,Regular customers
18016.0,2011-11-07 13:25:00,5,1483.56,32,2,2,2,At-risk customers
18017.0,2011-09-19 16:15:00,3,523.0,81,4,3,3,Regular customers
18018.0,2011-08-23 17:37:00,2,122.14,108,4,4,5,High-value customers
18019.0,2011-10-19 12:10:00,1,38.45,52,3,5,5,Regular customers
18022.0,2011-11-04 12:45:00,1,668.11,36,3,5,3,Regular customers
18024.0,2011-07-10 12:40:00,2,389.78,153,4,4,4,High-value customers
18027.0,2011-09-02 10:38:00,1,115.31,99,4,5,5,High-value customers
18030.0,2011-12-05 16:37:00,2,230.64999999999998,4,1,4,5,Regular customers
18032.0,2011-01-09 15:32:00,1,73.5,334,5,5,5,High-value customers
18033.0,2011-10-05 17:28:00,1,97.97,65,3,5,5,Regular customers
18034.0,2011-11-18 12:22:00,2,422.88,22,2,4,4,Regular customers
18035.0,2011-11-04 12:39:00,3,730.4,36,3,3,3,Regular customers
18036.0,2011-11-07 14:40:00,3,405.62,32,2,3,4,Regular customers
18037.0,2011-07-08 13:39:00,6,70.02,154,4,1,5,New customers
18040.0,2011-11-20 14:20:00,2,357.20000000000005,19,2,4,4,Regular customers
18041.0,2011-11-28 11:39:00,21,4183.39,12,1,1,1,Inactive customers
18042.0,2011-10-17 11:49:00,1,165.04999999999998,54,3,5,5,Regular customers
18043.0,2011-11-15 12:48:00,3,559.51,25,2,3,3,Regular customers
18044.0,2011-12-05 14:26:00,10,2088.6,4,1,1,1,Inactive customers
18045.0,2011-10-25 13:07:00,1,189.4,45,3,5,5,Regular customers
18048.0,2011-05-20 14:58:00,2,172.29000000000002,203,5,4,5,High-value customers
18050.0,2010-12-15 14:25:00,1,74.4,359,5,5,5,High-value customers
18053.0,2011-09-30 09:05:00,1,300.02,71,3,5,4,Regular customers
18055.0,2011-12-02 14:25:00,10,6784.1900000000005,7,1,1,1,Inactive customers
18056.0,2011-02-24 14:27:00,1,363.65,288,5,5,4,High-value customers
18058.0,2011-11-30 08:38:00,1,170.16,10,1,5,5,Regular customers
18059.0,2011-11-16 16:49:00,3,306.46,23,2,3,4,Regular customers
18061.0,2011-11-18 11:20:00,10,2119.41,22,2,1,1,Inactive customers
18062.0,2011-06-19 14:47:00,3,720.52,173,4,3,3,Regular customers
18064.0,2011-07-29 16:39:00,2,814.0,133,4,4,3,Loyal customers
18065.0,2011-12-04 10:30:00,14,2392.83,6,1,1,1,Inactive customers
18066.0,2011-09-25 15:30:00,1,318.0,75,4,5,4,High-value customers
18067.0,2011-10-30 15:58:00,1,396.33,40,3,5,4,Regular customers
18068.0,2011-02-23 14:50:00,1,101.69999999999999,289,5,5,5,High-value customers
18069.0,2011-11-13 16:03:00,5,2036.67,26,2,2,2,At-risk customers
18071.0,2011-03-27 11:59:00,2,453.0,258,5,4,4,High-value customers
18072.0,2011-06-07 10:44:00,1,247.44,186,5,5,5,High-value customers
18073.0,2011-08-17 14:02:00,12,3877.5200000000004,114,4,1,1,New customers
18074.0,2010-12-01 09:53:00,1,489.6,374,5,5,4,High-value customers
18075.0,2011-11-16 15:21:00,10,2611.75,23,2,1,1,Inactive customers
18077.0,2011-12-01 13:32:00,11,2633.0099999999998,8,1,1,1,Inactive customers
18078.0,2011-05-06 14:32:00,2,336.13,217,5,4,4,High-value customers
18079.0,2011-10-25 15:27:00,4,3651.97,45,3,2,1,Inactive customers
18080.0,2011-11-21 08:02:00,2,1231.5,19,2,4,2,At-risk customers
18081.0,2011-11-03 16:30:00,3,343.45,36,3,3,4,Regular customers
18082.0,2011-11-14 12:45:00,1,703.37,26,2,5,3,Regular customers
18084.0,2011-11-23 13:57:00,1,90.47999999999999,16,2,5,5,Regular customers
18085.0,2011-01-13 15:17:00,2,689.95,330,5,4,3,Loyal customers
18086.0,2011-03-10 13:34:00,1,101.34,274,5,5,5,High-value customers
18087.0,2011-09-02 15:12:00,2,4055.7199999999993,98,4,4,1,Loyal customers
18088.0,2011-10-09 13:41:00,1,167.67000000000002,61,3,5,5,Regular customers
18092.0,2011-12-07 13:14:00,11,9068.26,2,1,1,1,Inactive customers
18093.0,2011-09-07 15:43:00,4,2106.52,93,4,2,1,New customers
18094.0,2011-09-19 09:28:00,7,3017.3,82,4,1,1,New customers
18095.0,2011-01-31 12:50:00,2,580.0500000000001,313,5,4,3,Loyal customers
18096.0,2011-11-28 12:44:00,3,911.15,12,1,3,3,Regular customers
18097.0,2011-12-02 11:16:00,6,2697.8,8,1,1,1,Inactive customers
18099.0,2011-08-04 15:52:00,1,168.31,127,4,5,5,High-value customers
18101.0,2011-11-28 13:37:00,2,223.65,11,1,4,5,Regular customers
18102.0,2011-12-09 11:50:00,60,259657.3,1,1,1,1,Inactive customers
18104.0,2011-11-02 14:07:00,1,754.64,37,3,5,3,Regular customers
18105.0,2011-11-02 12:04:00,1,113.48000000000002,38,3,5,5,Regular customers
18106.0,2011-01-14 12:23:00,1,430.7,330,5,5,4,High-value customers
18108.0,2011-03-30 13:56:00,1,271.0,254,5,5,4,High-value customers
18109.0,2011-12-08 11:36:00,26,8052.97,2,1,1,1,Inactive customers
18110.0,2011-11-20 12:34:00,1,236.3,20,2,5,5,Regular customers
18112.0,2011-11-27 14:43:00,2,352.69,12,1,4,4,Regular customers
18113.0,2010-12-06 12:31:00,1,76.32000000000001,369,5,5,5,High-value customers
18114.0,2011-02-22 13:20:00,1,220.1,290,5,5,5,High-value customers
18116.0,2011-10-03 11:00:00,8,1418.03,68,3,1,2,Inactive customers
18117.0,2011-11-14 12:47:00,1,320.72,26,2,5,4,Regular customers
18118.0,2011-11-29 11:32:00,26,5653.82,11,1,1,1,Inactive customers
18119.0,2010-12-07 11:59:00,1,181.12,368,5,5,5,High-value customers
18120.0,2011-05-09 13:45:00,1,111.15,214,5,5,5,High-value customers
18121.0,2011-07-13 12:53:00,2,673.1,149,4,4,3,Loyal customers
18122.0,2011-12-01 13:08:00,6,1826.21,8,1,1,2,Inactive customers
18123.0,2011-11-15 14:23:00,2,589.4399999999999,24,2,4,3,Regular customers
18125.0,2011-11-10 12:29:00,4,1142.99,30,2,2,2,At-risk customers
18126.0,2011-10-10 12:19:00,1,206.82999999999998,61,3,5,5,Regular customers
18127.0,2011-11-20 14:05:00,3,348.73,19,2,3,4,Regular customers
18129.0,2011-04-10 14:16:00,1,112.55000000000001,243,5,5,5,High-value customers
18130.0,2011-11-24 14:40:00,3,1059.39,15,2,3,2,At-risk customers
18133.0,2011-05-11 14:14:00,1,931.4999999999999,212,5,5,3,Loyal customers
18135.0,2011-11-10 19:32:00,5,681.9100000000001,29,2,2,3,At-risk customers
18136.0,2011-10-07 15:40:00,3,784.33,63,3,3,3,Regular customers
18138.0,2011-02-17 14:51:00,1,152.65,295,5,5,5,High-value customers
18139.0,2011-11-22 10:44:00,6,8438.34,18,2,1,1,Inactive customers
18142.0,2011-07-05 13:19:00,2,1019.52,157,4,4,2,Loyal customers
18143.0,2011-08-15 12:07:00,2,1000.16,117,4,4,2,Loyal customers
18144.0,2011-12-02 12:46:00,12,2888.75,8,1,1,1,Inactive customers
18145.0,2011-11-27 11:22:00,4,2861.55,13,1,2,1,At-risk customers
18146.0,2011-07-22 12:08:00,2,160.35000000000002,141,4,4,5,High-value customers
18147.0,2011-10-25 11:46:00,2,179.33999999999997,46,3,4,5,Regular customers
18149.0,2011-10-20 12:04:00,3,612.0799999999999,51,3,3,3,Regular customers
18150.0,2011-11-07 16:49:00,3,566.58,32,2,3,3,Regular customers
18151.0,2011-07-28 11:35:00,2,653.35,135,4,4,3,Loyal customers
18154.0,2011-12-06 16:41:00,2,399.19,3,1,4,4,Regular customers
18155.0,2011-09-25 13:32:00,3,371.62,75,4,3,4,Regular customers
18156.0,2011-11-27 12:24:00,2,734.94,13,1,4,3,Regular customers
18158.0,2011-11-30 16:19:00,2,453.4,9,1,4,4,Regular customers
18159.0,2011-02-11 14:26:00,1,530.15,301,5,5,3,Loyal customers
18160.0,2011-10-13 15:50:00,2,638.0600000000001,57,3,4,3,Regular customers
18161.0,2011-11-24 16:40:00,5,1618.69,15,2,2,2,At-risk customers
18164.0,2011-11-02 12:56:00,1,399.65000000000003,37,3,5,4,Regular customers
18165.0,2011-06-15 13:23:00,1,302.46000000000004,177,4,5,4,High-value customers
18167.0,2011-11-16 15:56:00,3,1384.8600000000001,23,2,3,2,At-risk customers
18168.0,2011-06-16 19:21:00,6,1169.94,176,4,1,2,New customers
18169.0,2011-10-10 12:18:00,1,202.65,61,3,5,5,Regular customers
18170.0,2011-11-06 14:35:00,3,980.31,33,3,3,2,Inactive customers
18171.0,2011-10-12 09:13:00,5,1231.31,59,3,2,2,Inactive customers
18172.0,2011-11-25 11:12:00,20,7561.68,15,2,1,1,Inactive customers
18173.0,2011-09-14 11:26:00,4,2106.84,87,4,2,1,New customers
18174.0,2011-12-02 16:56:00,1,104.0,7,1,5,5,Regular customers
18176.0,2010-12-16 15:45:00,1,476.35,358,5,5,4,High-value customers
18177.0,2011-11-08 14:44:00,6,1341.42,31,2,1,2,Inactive customers
18178.0,2011-08-03 09:30:00,4,1590.81,129,4,2,2,New customers
18179.0,2011-11-30 16:23:00,6,1793.17,9,1,1,2,Inactive customers
18180.0,2011-12-05 08:39:00,6,1843.75,5,1,1,2,Inactive customers
18181.0,2011-11-15 15:08:00,1,382.8,24,2,5,4,Regular customers
18183.0,2011-04-26 15:26:00,2,632.07,227,5,4,3,Loyal customers
18184.0,2011-11-24 15:28:00,1,49.8,15,2,5,5,Regular customers
18185.0,2011-04-04 13:42:00,1,304.25,249,5,5,4,High-value customers
18188.0,2011-11-24 16:46:00,3,2001.04,15,2,3,2,At-risk customers
18189.0,2011-09-23 12:40:00,2,1090.24,78,4,4,2,Loyal customers
18190.0,2011-05-31 14:48:00,2,284.46000000000004,192,5,4,4,High-value customers
18191.0,2011-03-23 12:08:00,1,207.79999999999998,262,5,5,5,High-value customers
18192.0,2011-09-29 09:53:00,1,957.97,72,4,5,2,Loyal customers
18193.0,2011-06-27 13:58:00,1,243.76,165,4,5,5,High-value customers
18194.0,2011-09-18 13:29:00,1,973.8399999999999,82,4,5,2,Loyal customers
18196.0,2011-09-05 16:22:00,2,689.13,95,4,4,3,Loyal customers
18198.0,2011-12-05 14:49:00,17,5425.56,4,1,1,1,Inactive customers
18200.0,2011-08-25 18:45:00,1,163.8,106,4,5,5,High-value customers
18202.0,2011-05-24 12:12:00,3,1396.99,200,5,3,2,Inactive customers
18203.0,2011-07-05 13:07:00,1,160.42000000000002,157,4,5,5,High-value customers
18204.0,2011-09-29 16:44:00,3,1993.7,71,3,3,2,Inactive customers
18205.0,2011-11-03 13:22:00,2,517.36,36,3,4,3,Regular customers
18209.0,2011-11-11 12:07:00,1,139.10000000000002,29,2,5,5,Regular customers
18210.0,2011-12-08 11:02:00,6,2621.38,2,1,2,1,At-risk customers
18211.0,2011-11-14 08:10:00,5,600.07,26,2,2,3,At-risk customers
18212.0,2011-01-17 16:14:00,1,248.42,326,5,5,5,High-value customers
18213.0,2011-04-17 10:21:00,1,232.48000000000002,237,5,5,5,High-value customers
18215.0,2011-09-11 16:05:00,1,299.34000000000003,89,4,5,4,High-value customers
18216.0,2011-11-08 16:55:00,1,481.75,31,2,5,4,Regular customers
18217.0,2011-11-10 13:18:00,2,621.75,29,2,4,3,Regular customers
18218.0,2011-05-12 12:53:00,2,662.08,211,5,4,3,Loyal customers
18219.0,2011-12-07 11:43:00,10,2069.77,3,1,1,1,Inactive customers
18220.0,2011-04-27 09:03:00,1,305.28000000000003,227,5,5,4,High-value customers
18221.0,2011-11-17 14:40:00,5,1041.61,22,2,2,2,At-risk customers
18222.0,2011-09-08 10:45:00,1,443.0,93,4,5,4,High-value customers
18223.0,2011-12-05 09:11:00,14,6484.54,5,1,1,1,Inactive customers
18224.0,2011-03-21 10:30:00,1,158.95000000000002,264,5,5,5,High-value customers
18225.0,2011-12-06 13:27:00,12,5509.12,3,1,1,1,Inactive customers
18226.0,2011-10-26 13:36:00,11,5228.05,44,3,1,1,Inactive customers
18227.0,2011-05-06 12:23:00,1,93.75,218,5,5,5,High-value customers
18228.0,2011-10-14 09:21:00,2,779.9,57,3,4,3,Regular customers
18229.0,2011-11-28 09:48:00,20,7276.900000000001,12,1,1,1,Inactive customers
18230.0,2011-11-30 13:22:00,7,2810.2000000000003,9,1,1,1,Inactive customers
18231.0,2011-05-31 14:18:00,5,2083.27,192,5,2,1,New customers
18232.0,2011-09-19 11:49:00,4,592.97,82,4,2,3,New customers
18233.0,2011-01-18 08:44:00,1,440.0,326,5,5,4,High-value customers
18235.0,2011-09-29 08:27:00,3,1796.48,72,4,3,2,Inactive customers
18236.0,2011-11-10 08:06:00,6,882.24,30,2,2,3,At-risk customers
18237.0,2011-12-07 12:49:00,5,987.1,3,1,2,2,At-risk customers
18239.0,2011-05-05 12:38:00,5,1561.6100000000001,219,5,2,2,New customers
18240.0,2011-10-24 13:06:00,1,422.58,46,3,5,4,Regular customers
18241.0,2011-11-30 12:10:00,17,2073.09,10,1,1,1,Inactive customers
18242.0,2011-09-28 13:43:00,4,2232.4900000000002,72,4,2,1,New customers
18245.0,2011-12-02 14:48:00,7,2567.06,7,1,1,1,Inactive customers
18246.0,2011-11-16 11:49:00,2,596.1,24,2,4,3,Regular customers
18248.0,2011-08-09 10:19:00,2,804.02,123,4,4,3,Loyal customers
18249.0,2011-11-22 15:07:00,1,95.34,17,2,5,5,Regular customers
18250.0,2011-02-02 13:16:00,1,349.27,310,5,5,4,High-value customers
18251.0,2011-09-13 15:03:00,1,4314.72,87,4,5,1,Loyal customers
18252.0,2011-10-20 12:43:00,2,526.67,51,3,4,3,Regular customers
18255.0,2011-09-11 13:16:00,1,103.3,89,4,5,5,High-value customers
18257.0,2011-10-31 14:48:00,8,2337.63,39,3,1,1,Inactive customers
18259.0,2011-11-15 12:34:00,3,2338.6000000000004,25,2,3,1,At-risk customers
18260.0,2011-06-20 12:37:00,6,2643.2000000000003,173,4,2,1,New customers
18261.0,2011-10-27 15:36:00,2,324.24,43,3,4,4,Regular customers
18262.0,2011-07-22 16:04:00,1,149.48,140,4,5,5,High-value customers
18263.0,2011-11-14 09:00:00,3,1213.1599999999999,26,2,3,2,At-risk customers
18265.0,2011-09-28 14:10:00,2,801.51,72,4,4,3,Loyal customers
18268.0,2011-07-28 19:13:00,1,25.5,134,4,5,5,High-value customers
18269.0,2010-12-08 13:53:00,1,168.6,366,5,5,5,High-value customers
18270.0,2011-11-01 13:57:00,2,283.15,38,3,4,4,Regular customers
18272.0,2011-12-07 12:43:00,6,3078.58,3,1,2,1,At-risk customers
18273.0,2011-12-07 13:16:00,3,204.0,2,1,3,5,Regular customers
18274.0,2011-11-09 17:03:00,1,175.92,30,2,5,5,Regular customers
18276.0,2011-10-27 10:54:00,1,335.86,44,3,5,4,Regular customers
18277.0,2011-10-12 15:22:00,1,110.38,58,3,5,5,Regular customers
18278.0,2011-09-27 11:58:00,1,173.9,74,4,5,5,High-value customers
18280.0,2011-03-07 09:52:00,1,180.60000000000002,278,5,5,5,High-value customers
18281.0,2011-06-12 10:53:00,1,80.82,181,5,5,5,High-value customers
18282.0,2011-12-02 11:43:00,2,178.05,8,1,4,5,Regular customers
18283.0,2011-12-06 12:02:00,16,2094.88,4,1,1,1,Inactive customers
18287.0,2011-10-28 09:29:00,3,1837.28,43,3,3,2,Inactive customers
